date,trade_count,turnover,commission,trading_pnl,holding_pnl,total_pnl,net_pnl,balance,return,highlevel,drawdown,ddpercent
2024-05-06,0,0.0,0.0,0.0,0.0,0.0,0.0,10000000.0,0.0,10000000.0,0.0,0.0
2024-05-07,0,0.0,0.0,0.0,0.0,0.0,0.0,10000000.0,0.0,10000000.0,0.0,0.0
2024-05-08,0,0.0,0.0,0.0,0.0,0.0,0.0,10000000.0,0.0,10000000.0,0.0,0.0
2024-05-09,0,0.0,0.0,0.0,0.0,0.0,0.0,10000000.0,0.0,10000000.0,0.0,0.0
2024-05-10,0,0.0,0.0,0.0,0.0,0.0,0.0,10000000.0,0.0,10000000.0,0.0,0.0
2024-05-13,0,0.0,0.0,0.0,0.0,0.0,0.0,10000000.0,0.0,10000000.0,0.0,0.0
2024-05-14,10,9468179.0,9468.179,83614.99999999975,0.0,83614.99999999975,74146.82099999975,10074146.821,0.007414682100000046,10074146.821,0.0,0.0
2024-05-15,0,0.0,0.0,0.0,-97692.99999999974,-97692.99999999974,-97692.99999999974,9976453.821,-0.009697396884900929,10074146.821,-97693.0,-0.96973968849009
2024-05-16,0,0.0,0.0,0.0,3768.9999999997235,3768.9999999997235,3768.9999999997235,9980222.821,0.0003777895500369499,10074146.821,-93924.0,-0.9323270910069681
2024-05-17,2,2216179.0,4432.358,-23021.000000000073,79677.00000000044,56656.000000000364,52223.64200000036,10032446.463,0.005232713030225346,10074146.821,-41700.35800000094,-0.41393438810197747
2024-05-20,2,1612648.0,3225.2960000000003,-44995.999999999905,175841.99999999968,130845.9999999998,127620.7039999998,10160067.167,0.012720795916596153,10160067.167,0.0,0.0
2024-05-21,0,0.0,0.0,0.0,-96009.99999999983,-96009.99999999983,-96009.99999999983,10064057.167,-0.009449740678077547,10160067.167,-96010.0,-0.9449740678077578
2024-05-22,2,1953454.0,3906.9080000000004,-21940.000000000004,-28950.00000000012,-50890.000000000124,-54796.90800000013,10009260.259,-0.005444812871262163,10160067.167,-150806.90799999982,-1.484310147966561
2024-05-23,1,934918.0,1869.836,26397.999999999985,-55399.00000000001,-29001.000000000022,-30870.83600000002,9978389.423,-0.0030842275254298786,10160067.167,-181677.74399999902,-1.7881549502949179
2024-05-24,1,940126.0,1880.252,25065.99999999995,-37283.0,-12217.000000000047,-14097.252000000048,9964292.171,-0.0014127782954137295,10160067.167,-195774.99599999934,-1.9269065133336816
2024-05-27,0,0.0,0.0,0.0,29463.99999999997,29463.99999999997,29463.99999999997,9993756.171,0.002956958657409886,10160067.167,-166310.99599999934,-1.6369084304893144
2024-05-28,12,9525789.0,11353.51,-55759.000000000146,-31203.999999999884,-86963.00000000004,-98316.51000000004,9895439.661,-0.00983779355006637,10160067.167,-264627.5059999991,-2.604584218296424
2024-05-29,0,0.0,0.0,0.0,101022.99999999991,101022.99999999991,101022.99999999991,9996462.661,0.010209046132447535,10160067.167,-163604.50599999912,-1.6102699254921138
2024-05-30,0,0.0,0.0,0.0,-50138.99999999969,-50138.99999999969,-50138.99999999969,9946323.661,-0.005015674214000848,10160067.167,-213743.50599999912,-2.1037607575493222
2024-05-31,1,751487.9999999999,1502.9759999999999,0.0,-17981.000000000306,-17981.000000000306,-19483.976000000308,9926839.685,-0.0019589123241984746,10160067.167,-233227.4819999989,-2.2955309070940455
2024-06-03,1,828850.0,1657.7,-9349.999999999996,111677.00000000025,102327.00000000025,100669.30000000024,10027508.985,0.010141122773657332,10160067.167,-132558.18200000003,-1.3046978904878714
2024-06-04,0,0.0,0.0,0.0,-13177.999999999913,-13177.999999999913,-13177.999999999913,10014330.985,-0.0013141848109747669,10160067.167,-145736.18200000003,-1.4344017574347556
2024-06-05,1,834615.0,1669.23,-2720.0000000000628,-29774.000000000306,-32494.000000000367,-34163.23000000037,9980167.754999999,-0.003411434078938669,10160067.167,-179899.41200000048,-1.7706517982904235
2024-06-06,1,870712.0,1741.424,24637.99999999997,6367.000000000309,31005.000000000273,29263.57600000029,10009431.331,0.0029321727568497455,10160067.167,-150635.8359999992,-1.482626379570262
2024-06-07,0,0.0,0.0,0.0,-11299.000000000095,-11299.000000000095,-11299.000000000095,9998132.331,-0.0011288353580094109,10160067.167,-161934.8359999992,-1.593836274291227
2024-06-11,1,746274.0,1492.548,-16347.999999999955,87214.99999999994,70866.99999999997,69374.45199999998,10067506.783,0.006938741127170182,10160067.167,-92560.38399999961,-0.9110213788806054
2024-06-12,5,3756060.0,7512.12,-7360.000000000107,2451.0000000000828,-4909.000000000025,-12421.120000000026,10055085.663,-0.0012337831270174552,10160067.167,-104981.5039999988,-1.0332756887767358
2024-06-13,0,0.0,0.0,0.0,0.0,0.0,0.0,10055085.663,0.0,10160067.167,-104981.5039999988,-1.0332756887767358
2024-06-14,0,0.0,0.0,0.0,0.0,0.0,0.0,10055085.663,0.0,10160067.167,-104981.5039999988,-1.0332756887767358
2024-06-17,0,0.0,0.0,0.0,0.0,0.0,0.0,10055085.663,0.0,10160067.167,-104981.5039999988,-1.0332756887767358
2024-06-18,10,9554354.0,9554.354000000001,126804.0000000003,0.0,126804.0000000003,117249.64600000033,10172335.309,0.01166073069187732,10172335.309,0.0,0.0
2024-06-19,0,0.0,0.0,0.0,-110469.9999999999,-110469.9999999999,-110469.9999999999,10061865.309,-0.010859846499776839,10172335.309,-110470.0,-1.0859846499776893
2024-06-20,0,0.0,0.0,0.0,-122042.00000000026,-122042.00000000026,-122042.00000000026,9939823.309,-0.012129162561025095,10172335.309,-232512.0,-2.285728821721833
2024-06-21,1,954200.0,1908.4,-2704.000000000053,25162.000000000022,22457.99999999997,20549.59999999997,9960372.909,0.0020674009347221513,10172335.309,-211962.40000000037,-2.0837142461521685
2024-06-24,1,927535.9999999999,1855.072,11947.999999999849,-142638.99999999985,-130691.00000000001,-132546.07200000001,9827826.837,-0.013307340318577285,10172335.309,-344508.472000001,-3.386719583409681
2024-06-25,1,887116.0,1774.232,6356.0000000000255,-152294.00000000017,-145938.00000000015,-147712.23200000013,9680114.605,-0.015029999454598543,10172335.309,-492220.7039999999,-4.838817135378015
2024-06-26,3,2743801.0,5487.602000000001,-51566.000000000065,304620.0000000002,253054.0000000001,247566.3980000001,9927681.003,0.025574738327181202,10172335.309,-244654.30599999987,-2.40509478471026
2024-06-27,0,0.0,0.0,0.0,104352.99999999994,104352.99999999994,104352.99999999994,10032034.003,0.010511316788731028,10172335.309,-140301.30599999987,-1.3792438190261769
2024-06-28,0,0.0,0.0,0.0,143762.0,143762.0,143762.0,10175796.003,0.014330294330841493,10175796.003,0.0,0.0
2024-07-01,0,0.0,0.0,0.0,-84367.99999999987,-84367.99999999987,-84367.99999999987,10091428.003,-0.008291046712721723,10175796.003,-84368.0,-0.8291046712721739
2024-07-02,10,8421755.0,12557.722,11001.999999999738,-39816.99999999992,-28815.00000000018,-41372.72200000018,10050055.281,-0.0040997886510909685,10175796.003,-125740.722000001,-1.2356843824594232
2024-07-03,2,1399509.0,1399.509,-13579.99999999993,-59375.99999999983,-72955.99999999975,-74355.50899999977,9975699.772,-0.0073985174131899,10175796.003,-200096.2310000006,-1.9663938913575763
2024-07-04,1,694984.0,1389.968,24089.00000000001,-55757.00000000016,-31668.00000000015,-33057.96800000014,9942641.804,-0.0033138495299134935,10175796.003,-233154.19900000095,-2.291262510876424
2024-07-05,2,1384348.0,2768.696,-32109.000000000036,29491.999999999935,-2617.0000000001005,-5385.6960000001,9937256.108,-0.0005416765590241575,10175796.003,-238539.89500000142,-2.3441890435861312
2024-07-08,0,0.0,0.0,0.0,-23635.99999999998,-23635.99999999998,-23635.99999999998,9913620.108,-0.0023785237839419084,10175796.003,-262175.8950000014,-2.5764657125860957
2024-07-09,1,616860.0,1233.72,-14903.999999999976,246153.0000000001,231249.0000000001,230015.2800000001,10143635.388,0.023201946160352226,10175796.003,-32160.615000000224,-0.3160501152982942
2024-07-10,0,0.0,0.0,0.0,118750.00000000001,118750.00000000001,118750.00000000001,10262385.388,0.01170684823120537,10262385.388,0.0,0.0
2024-07-11,0,0.0,0.0,0.0,-33481.99999999996,-33481.99999999996,-33481.99999999996,10228903.388,-0.0032625942930530685,10262385.388,-33482.0,-0.32625942930530893
2024-07-12,1,821300.0000000001,1642.6000000000004,-9674.999999999909,30156.99999999995,20482.000000000036,18839.400000000038,10247742.788,0.001841781008715142,10262385.388,-14642.599999999627,-0.14268222685460685
2024-07-15,1,692128.0,1384.256,4300.0,1516.0000000000705,5816.000000000071,4431.74400000007,10252174.532,0.00043246050293031774,10262385.388,-10210.856000000611,-0.09949788098915224
2024-07-16,10,8893500.0,9590.028,398960.0000000001,11247.99999999991,410208.00000000006,400617.972,10652792.504,0.03907639015991744,10652792.504,0.0,0.0
2024-07-17,0,0.0,0.0,0.0,-352038.9999999999,-352038.9999999999,-352038.9999999999,10300753.504,-0.033046640105663695,10652792.504,-352039.0,-3.3046640105663716
2024-07-18,3,2707639.0,5415.278,15063.999999999996,32914.999999999665,47978.999999999665,42563.721999999674,10343317.226,0.0041320979075434375,10652792.504,-309475.27800000086,-2.905109415055218
2024-07-19,0,0.0,0.0,0.0,55946.99999999992,55946.99999999992,55946.99999999992,10399264.226,0.005408999722000792,10652792.504,-253528.27800000086,-2.3799231788735553
2024-07-22,2,1822782.0,3645.5640000000003,-66522.00000000006,126435.00000000028,59913.00000000022,56267.43600000022,10455531.662,0.005410713179046085,10652792.504,-197260.84200000018,-1.8517289426779993
2024-07-23,0,0.0,0.0,0.0,-125421.00000000009,-125421.00000000009,-125421.00000000009,10330110.662,-0.011995659719135571,10652792.504,-322681.8420000002,-3.029082204303113
2024-07-24,2,1959933.0,3919.866,-34681.99999999988,43198.00000000013,8516.000000000246,4596.134000000246,10334706.796,0.0004449259209687654,10652792.504,-318085.70800000057,-2.9859373293956826
2024-07-25,0,0.0,0.0,0.0,-7755.000000000022,-7755.000000000022,-7755.000000000022,10326951.796,-0.0007503841331039538,10652792.504,-325840.70800000057,-3.058735142711655
2024-07-26,1,830759.9999999999,1661.5199999999998,-10465.000000000124,-35494.00000000009,-45959.00000000021,-47620.52000000021,10279331.276,-0.004611285202129509,10652792.504,-373461.2280000001,-3.5057589628237795
2024-07-29,1,1003469.9999999999,2006.9399999999998,-1860.0000000000705,5856.999999999971,3996.9999999999,1990.0599999999004,10281321.336,0.0001935981968637411,10652792.504,-371471.16800000146,-3.4870778517512524
2024-07-30,11,9788052.0,10638.75,-55120.00000000022,0.0,-55120.00000000022,-65758.7500000002,10215562.586,-0.006395943463973453,10652792.504,-437229.91800000146,-4.104369045354317
2024-07-31,0,0.0,0.0,0.0,325316.0000000002,325316.0000000002,325316.0000000002,10540878.586,0.03184513797074984,10652792.504,-111913.91800000146,-1.0505594468115165
2024-08-01,0,0.0,0.0,0.0,-215550.00000000003,-215550.00000000003,-215550.00000000003,10325328.586,-0.020448959566452596,10652792.504,-327463.91800000146,-3.073972555806781
2024-08-02,5,4543968.0,9087.936000000002,92371.00000000017,-281307.0000000002,-188935.99999999997,-198023.93599999996,10127304.65,-0.01917846336323837,10652792.504,-525487.8540000003,-4.932864822089478
2024-08-05,1,797706.0,1595.412,10555.999999999969,-300208.99999999977,-289652.9999999998,-291248.41199999984,9836056.238,-0.028758729204418715,10652792.504,-816736.2660000008,-7.666874818910873
2024-08-06,3,2486850.0,4973.700000000001,16663.999999999967,130096.99999999991,146760.99999999988,141787.2999999999,9977843.538,0.0144150558485248,10652792.504,-674948.966,-6.335887662756634
2024-08-07,0,0.0,0.0,0.0,-1116.0000000000423,-1116.0000000000423,-1116.0000000000423,9976727.538,-0.0001118478151866967,10652792.504,-676064.966,-6.3463637890829645
2024-08-08,0,0.0,0.0,0.0,-18103.999999999924,-18103.999999999924,-18103.999999999924,9958623.538,-0.0018146230746549229,10652792.504,-694168.966,-6.516309838376633
2024-08-09,0,0.0,0.0,0.0,-9796.000000000078,-9796.000000000078,-9796.000000000078,9948827.538,-0.0009836700787634492,10652792.504,-703964.966,-6.608266947241015
2024-08-12,0,0.0,0.0,0.0,-17112.000000000033,-17112.000000000033,-17112.000000000033,9931715.538,-0.0017200016720201386,10652792.504,-721076.966,-6.76890088424461
2024-08-13,8,7554786.0,8345.41,41831.99999999999,5456.00000000006,47288.00000000005,38942.59000000004,9970658.128,0.003921033566758993,10652792.504,-682134.3760000002,-6.403338615145904
2024-08-14,2,2022666.0,2022.666,-41111.99999999981,-16766.99999999995,-57878.99999999976,-59901.66599999976,9910756.462,-0.006007794593998052,10652792.504,-742036.0420000013,-6.9656481314300915
2024-08-15,0,0.0,0.0,0.0,-81854.0,-81854.0,-81854.0,9828902.462,-0.008259107194677427,10652792.504,-823890.0420000013,-7.734028816299954
2024-08-16,1,848093.9999999999,1696.1879999999999,-6288.000000000052,156789.99999999983,150501.99999999977,148805.81199999977,9977708.274,0.01513961630765045,10652792.504,-675084.2300000004,-6.3371574143260005
2024-08-19,0,0.0,0.0,0.0,100981.00000000035,100981.00000000035,100981.00000000035,10078689.274,0.010120660699525278,10652792.504,-574103.2300000004,-5.3892275643633525
2024-08-20,1,975660.0,1951.32,-4346.999999999969,-71335.0,-75681.99999999997,-77633.31999999998,10001055.954,-0.007702719856665392,10652792.504,-651736.5500000007,-6.117987839857775
2024-08-21,2,2058482.0,4116.964,-73553.99999999996,102058.99999999997,28505.00000000001,24388.036000000007,10025443.99,0.002438546100749104,10652792.504,-627348.5140000004,-5.889052225174185
2024-08-22,0,0.0,0.0,0.0,-45717.999999999905,-45717.999999999905,-45717.999999999905,9979725.99,-0.004560197039213622,10652792.504,-673066.5140000004,-6.31821669057453
2024-08-23,2,1963095.0,3926.1900000000005,-7666.99999999996,-41268.0000000002,-48935.00000000016,-52861.190000000155,9926864.8,-0.005296857854911854,10652792.504,-725927.7039999999,-6.814435780359207
2024-08-26,0,0.0,0.0,0.0,-70865.99999999977,-70865.99999999977,-70865.99999999977,9855998.8,-0.0071388098284566135,10652792.504,-796793.7039999999,-7.479669802080657
2024-08-27,13,10388935.0,13267.775000000001,-64143.999999999694,-35465.00000000002,-99608.99999999971,-112876.77499999973,9743122.025,-0.011452596260462244,10652792.504,-909670.4790000003,-8.539267789722082
2024-08-28,1,679536.0,1359.0720000000001,29744.000000000076,-24005.00000000011,5738.999999999967,4379.927999999967,9747501.953000002,0.00044954050547275546,10652792.504,-905290.550999999,-8.498152485933364
2024-08-29,0,0.0,0.0,0.0,156096.99999999988,156096.99999999988,156096.99999999988,9903598.953,0.016014051677307534,10652792.504,-749193.5510000009,-7.032837171273987
2024-08-30,0,0.0,0.0,0.0,205166.0000000002,205166.0000000002,205166.0000000002,10108764.953000002,0.020716307372064268,10652792.504,-544027.550999999,-5.106900850605356
2024-09-02,0,0.0,0.0,0.0,-223267.00000000038,-223267.00000000038,-223267.00000000038,9885497.953,-0.022086476541700813,10652792.504,-767294.5510000009,-7.202755058937749
2024-09-03,0,0.0,0.0,0.0,202044.00000000012,202044.00000000012,202044.00000000012,10087541.953,0.02043842414015014,10652792.504,-565250.5510000009,-5.306125607794909
2024-09-04,0,0.0,0.0,0.0,10931.00000000016,10931.00000000016,10931.00000000016,10098472.953000002,0.001083613832877396,10652792.504,-554319.550999999,-5.203514015614763
2024-09-05,0,0.0,0.0,0.0,77256.00000000003,77256.00000000003,77256.00000000003,10175728.953000002,0.007650265575752143,10652792.504,-477063.55099999905,-4.478295722186154
2024-09-06,0,0.0,0.0,0.0,-140382.00000000026,-140382.00000000026,-140382.00000000026,10035346.953,-0.013795768406214725,10652792.504,-617445.5510000009,-5.796091032169803
2024-09-09,4,3250566.0,6501.132,18978.000000000022,-46395.99999999978,-27417.999999999767,-33919.131999999765,10001427.821,-0.0033799660498892254,10652792.504,-651364.6830000002,-6.114497046247925
2024-09-10,15,9690427.0,13442.891999999998,49570.000000000044,2123.9999999997844,51693.99999999983,38251.10799999982,10039678.929000001,0.003824564720617698,10652792.504,-613113.5749999993,-5.755425863873553
2024-09-11,0,0.0,0.0,0.0,90657.00000000022,90657.00000000022,90657.00000000022,10130335.929000001,0.009029870441188487,10652792.504,-522456.57499999925,-4.904409569639345
2024-09-12,0,0.0,0.0,0.0,7707.999999999843,7707.999999999843,7707.999999999843,10138043.929000001,0.0007608829612386686,10652792.504,-514748.57499999925,-4.832052955191957
2024-09-13,0,0.0,0.0,0.0,101831.00000000012,101831.00000000012,101831.00000000012,10239874.929000001,0.010044442568325351,10652792.504,-412917.57499999925,-3.8761439767549533
2024-09-18,0,0.0,0.0,0.0,-7177.000000000197,-7177.000000000197,-7177.000000000197,10232697.929000001,-0.0007008874668648796,10652792.504,-420094.57499999925,-3.9435159827083677
2024-09-19,3,1725520.0,3451.04,24869.999999999956,-75710.99999999983,-50840.99999999987,-54292.03999999986,10178405.889,-0.005305740516988631,10652792.504,-474386.6150000002,-4.453166761878391
2024-09-20,3,1861048.0,3722.0959999999995,25257.999999999935,-5735.000000000029,19522.9999999999,15800.903999999902,10194206.793000001,0.0015523947632189996,10652792.504,-458585.7109999992,-4.304840358317364
2024-09-23,0,0.0,0.0,0.0,4658.999999999935,4658.999999999935,4658.999999999935,10198865.793,0.00045702427806323357,10652792.504,-453926.71100000106,-4.261105347067984
2024-09-24,0,0.0,0.0,0.0,136838.0000000001,136838.0000000001,136838.0000000001,10335703.793000001,0.013416982121082596,10652792.504,-317088.7109999992,-2.9765783092173814
2024-09-25,0,0.0,0.0,0.0,5051.0000000000255,5051.0000000000255,5051.0000000000255,10340754.793000001,0.0004886943454611054,10652792.504,-312037.7109999992,-2.9291635116598047
2024-09-26,4,2717973.0,5435.946,-116832.9999999999,123484.99999999993,6652.000000000022,1216.054000000021,10341970.847000001,0.00011759818546540967,10652792.504,-310821.65699999966,-2.917748157427169
2024-09-27,0,0.0,0.0,0.0,0.0,0.0,0.0,10341970.847000001,0.0,10652792.504,-310821.65699999966,-2.917748157427169
2024-09-30,0,0.0,0.0,0.0,0.0,0.0,0.0,10341970.847000001,0.0,10652792.504,-310821.65699999966,-2.917748157427169
2024-10-08,0,0.0,0.0,0.0,0.0,0.0,0.0,10341970.847000001,0.0,10652792.504,-310821.65699999966,-2.917748157427169
2024-10-09,8,8767166.0,8767.166,-575703.0000000001,0.0,-575703.0000000001,-584470.1660000002,9757500.681,-0.056514389244245865,10652792.504,-895291.8230000008,-8.404292326766239
2024-10-10,9,9470953.0,16453.592,-44962.0000000001,-199325.0,-244287.00000000012,-260740.59200000012,9496760.089,-0.026722067517527256,10652792.504,-1156032.415000001,-10.851919011526078
2024-10-11,2,2374824.0,4749.648,155229.99999999997,-248090.0000000001,-92860.00000000012,-97609.64800000012,9399150.441,-0.01027820510208111,10652792.504,-1253642.063000001,-11.76820127238255
2024-10-14,1,991089.0,1982.178,-60066.00000000007,65988.0000000001,5922.000000000029,3939.822000000029,9403090.263,0.0004191678838137054,10652792.504,-1249702.2410000004,-11.731217336024812
2024-10-15,0,0.0,0.0,0.0,0.0,0.0,0.0,9403090.263,0.0,10652792.504,-1249702.2410000004,-11.731217336024812
2024-10-16,0,0.0,0.0,0.0,0.0,0.0,0.0,9403090.263,0.0,10652792.504,-1249702.2410000004,-11.731217336024812
2024-10-17,0,0.0,0.0,0.0,0.0,0.0,0.0,9403090.263,0.0,10652792.504,-1249702.2410000004,-11.731217336024812
2024-10-18,0,0.0,0.0,0.0,0.0,0.0,0.0,9403090.263,0.0,10652792.504,-1249702.2410000004,-11.731217336024812
2024-10-21,0,0.0,0.0,0.0,0.0,0.0,0.0,9403090.263,0.0,10652792.504,-1249702.2410000004,-11.731217336024812
2024-10-22,10,8768906.0,8768.905999999999,-6600.999999999956,0.0,-6600.999999999956,-15369.905999999952,9387720.357,-0.001634559019440468,10652792.504,-1265072.1469999999,-11.87549787086325
2024-10-23,1,858882.0,1717.7640000000001,32637.000000000015,-217040.9999999998,-184403.9999999998,-186121.7639999998,9201598.593,-0.019826087369679456,10652792.504,-1451193.9110000003,-13.622661949485016
2024-10-24,1,892841.9999999999,1785.6839999999997,-9514.000000000107,5403.999999999731,-4110.000000000378,-5895.6840000003795,9195702.909,-0.0006407238851394174,10652792.504,-1457089.5950000007,-13.678005973108743
2024-10-25,0,0.0,0.0,0.0,-1709.99999999979,-1709.99999999979,-1709.99999999979,9193992.909,-0.00018595642083286447,10652792.504,-1458799.5950000007,-13.694058102157136
2024-10-28,1,849540.9999999999,1699.0819999999999,-10648.000000000116,-10428.999999999973,-21077.000000000087,-22776.082000000082,9171216.827,-0.002477278612832613,10652792.504,-1481575.677000001,-13.907861966181045
2024-10-29,1,846985.0,1693.97,5001.999999999958,-33445.99999999986,-28443.999999999905,-30137.969999999907,9141078.857,-0.003286147363921528,10652792.504,-1511713.6469999999,-14.190773418635239
2024-10-30,0,0.0,0.0,0.0,-128178.0000000002,-128178.0000000002,-128178.0000000002,9012900.857,-0.014022196067354196,10652792.504,-1639891.6469999999,-15.394007218147166
2024-10-31,3,2353781.0,4707.562,-34827.99999999993,124490.00000000029,89662.00000000035,84954.43800000034,9097855.295,0.009425870687795046,10652792.504,-1554937.2090000007,-14.596522070772899
2024-11-01,0,0.0,0.0,0.0,-133891.00000000006,-133891.00000000006,-133891.00000000006,8963964.295,-0.014716765178006713,10652792.504,-1688828.2090000007,-15.853385000842412
2024-11-04,1,820380.0,1640.76,-1500.0,56329.00000000006,54829.00000000006,53188.240000000056,9017152.535,0.005933562233136965,10652792.504,-1635639.9690000005,-15.354095824037095
2024-11-05,11,7870258.0,9649.249,501472.99999999994,45371.99999999995,546845.0,537195.7509999998,9554348.286,0.05957487676013902,10652792.504,-1098444.2180000003,-10.31132651450356
2024-11-06,1,808910.0,808.91,-20699.999999999967,45316.999999999825,24616.999999999858,23808.089999999855,9578156.376,0.002491859129197318,10652792.504,-1074636.1280000005,-10.087834974693132
2024-11-07,2,1459032.0,2918.0640000000003,-172807.00000000017,290305.0000000001,117497.99999999996,114579.93599999997,9692736.312,0.011962629498000659,10652792.504,-960056.1919999998,-9.012249057132294
2024-11-08,2,1540314.0,3080.6279999999997,11301.000000000015,-103726.00000000009,-92425.00000000006,-95505.62800000006,9597230.684,-0.009853319529776194,10652792.504,-1055561.8200000003,-9.908780440468067
2024-11-11,3,2261460.0,4522.92,2098.9999999999686,84201.00000000013,86300.0000000001,81777.08000000009,9679007.764,0.008520903862020795,10652792.504,-973784.7400000002,-9.141121819789088
2024-11-12,0,0.0,0.0,0.0,-52658.00000000012,-52658.00000000012,-52658.00000000012,9626349.764,-0.005440433697744888,10652792.504,-1026442.7400000002,-9.63543352238
2024-11-13,1,866320.0,1732.64,10607.999999999958,-3255.99999999996,7351.999999999998,5619.359999999998,9631969.124,0.0005837477483951729,10652792.504,-1020823.3800000008,-9.582683410163984
2024-11-14,0,0.0,0.0,0.0,-71228.00000000004,-71228.00000000004,-71228.00000000004,9560741.124,-0.007394957259831848,10652792.504,-1092051.3800000008,-10.251315601894506
2024-11-15,1,636416.0,1272.832,26894.00000000003,-85589.99999999994,-58695.99999999992,-59968.83199999992,9500772.292,-0.0062724041182814485,10652792.504,-1152020.2120000012,-10.814255619523527
2024-11-18,1,646600.0,1293.2,-5855.999999999962,4635.9999999999445,-1220.0000000000173,-2513.200000000017,9498259.092,-0.0002645258640832243,10652792.504,-1154533.4120000005,-10.837847555619684
2024-11-19,10,8933150.0,8933.150000000001,418097.99999999994,0.0,418097.99999999994,409164.84999999986,9907423.942,0.04307787838137861,10652792.504,-745368.5620000008,-6.996931196398726
2024-11-20,0,0.0,0.0,0.0,111394.99999999991,111394.99999999991,111394.99999999991,10018818.942,0.011243588712073708,10652792.504,-633973.5620000008,-5.951242941810342
2024-11-21,0,0.0,0.0,0.0,243508.00000000015,243508.00000000015,243508.00000000015,10262326.942,0.0243050604477128,10652792.504,-390465.56200000085,-3.6653822164787853
2024-11-22,0,0.0,0.0,0.0,-340920.0,-340920.0,-340920.0,9921406.942,-0.0332205358420942,10652792.504,-731385.5620000008,-6.865669839390698
2024-11-25,7,6347021.0,12694.042,-79888.00000000003,193893.99999999977,114005.99999999974,101311.95799999974,10022718.9,0.01021145071382161,10652792.504,-630073.6040000003,-5.914633217190845
2024-11-26,1,845420.0,1690.8400000000001,19680.00000000002,-158663.99999999994,-138983.99999999994,-140674.83999999994,9882044.06,-0.014035596668285273,10652792.504,-770748.4440000001,-7.235177477742038
2024-11-27,1,1215415.0,2430.83,-32579.99999999995,55136.99999999992,22556.99999999997,20126.16999999997,9902170.23,0.002036640383082842,10652792.504,-750622.2740000002,-7.046248894063689
2024-11-28,0,0.0,0.0,0.0,-36036.00000000004,-36036.00000000004,-36036.00000000004,9866134.23,-0.0036392022317313765,10652792.504,-786658.2740000002,-7.384526392536217
2024-11-29,0,0.0,0.0,0.0,18329.999999999956,18329.999999999956,18329.999999999956,9884464.23,0.001857870526863894,10652792.504,-768328.2740000002,-7.21245883378937
2024-12-02,0,0.0,0.0,0.0,93677.99999999993,93677.99999999993,93677.99999999993,9978142.23,0.009477296676908506,10652792.504,-674650.2740000002,-6.333083778236337
2024-12-03,10,8709560.0,9788.69,23930.000000000146,15054.000000000053,38984.000000000204,29195.310000000194,10007337.54,0.002925926422678248,10652792.504,-645454.9640000015,-6.059021273132281
2024-12-04,2,1616924.0,2351.2740000000003,-33341.99999999993,-152443.0000000002,-185785.00000000012,-188136.2740000001,9819201.265999999,-0.018799832947375555,10652792.504,-833591.2380000018,-7.825095980110364
2024-12-05,1,976183.0,1952.366,-57888.99999999989,164811.99999999985,106922.99999999997,104970.63399999996,9924171.9,0.010690343456292434,10652792.504,-728620.6040000003,-6.839714598086955
2024-12-06,1,825825.0,1651.65,8469.999999999969,-53011.99999999975,-44541.99999999978,-46193.64999999978,9877978.25,-0.004654660405469233,10652792.504,-774814.2540000007,-7.27334408990945
2024-12-09,1,788534.0,1577.068,33177.99999999995,-130623.00000000012,-97445.00000000017,-99022.06800000017,9778956.182,-0.010024527843033058,10652792.504,-873836.3220000006,-8.2028850338715
2024-12-10,2,1913326.0,3826.652,116870.0,4285.00000000004,121155.0,117328.348,9896284.53,0.011998044148716414,10652792.504,-756507.9740000013,-7.10149919578309
2024-12-11,3,2192228.0,4384.456,22562.999999999953,-15567.000000000044,6995.999999999909,2611.54399999991,9898896.074,0.0002638913616603303,10652792.504,-753896.4300000016,-7.076984083909665
2024-12-12,0,0.0,0.0,0.0,57942.0000000001,57942.0000000001,57942.0000000001,9956838.074,0.005853379969528914,10652792.504,-695954.4300000016,-6.533070363838201
2024-12-13,0,0.0,0.0,0.0,-16182.000000000016,-16182.000000000016,-16182.000000000016,9940656.074,-0.0016252147398334803,10652792.504,-712136.4300000016,-6.68497419556987
2024-12-16,0,0.0,0.0,0.0,13050.0,13050.0,13050.0,9953706.074,0.0013127906149104742,10652792.504,-699086.4300000016,-6.562471105463685
2024-12-17,10,9491132.0,10524.512,-72583.00000000001,-9450.0,-82033.00000000001,-92557.51200000002,9861148.561999999,-0.00929879899123894,10652792.504,-791643.9420000017,-7.4313279048920595
2024-12-18,0,0.0,0.0,0.0,115244.9999999998,115244.9999999998,115244.9999999998,9976393.561999999,0.01168677251695582,10652792.504,-676398.9420000017,-6.349498891919858
2024-12-19,0,0.0,0.0,0.0,484620.00000000023,484620.00000000023,484620.00000000023,10461013.561999999,0.04857667222010102,10652792.504,-191778.94200000167,-1.8002691963444395
2024-12-20,0,0.0,0.0,0.0,211054.00000000012,211054.00000000012,211054.00000000012,10672067.561999999,0.02017529169130046,10672067.561999999,0.0,0.0
2024-12-23,0,0.0,0.0,0.0,-123205.00000000023,-123205.00000000023,-123205.00000000023,10548862.561999999,-0.01154462331541975,10672067.561999999,-123205.0,-1.1544623315419722
2024-12-24,3,2725600.0,5451.200000000001,-47154.00000000012,23982.000000000153,-23171.999999999964,-28623.199999999964,10520239.362,-0.0027133920677958356,10672067.561999999,-151828.19999999925,-1.422669029388579
2024-12-25,1,1693888.0,3387.7760000000003,30703.999999999938,-72970.00000000007,-42266.000000000146,-45653.77600000014,10474585.586,-0.004339613808114088,10672067.561999999,-197481.9759999998,-1.8504565760356861
2024-12-26,1,891779.0,1783.558,-6670.000000000095,229005.0000000003,222335.00000000017,220551.4420000002,10695137.027999999,0.021055863278713567,10695137.027999999,0.0,0.0
2024-12-27,0,0.0,0.0,0.0,29155.99999999996,29155.99999999996,29155.99999999996,10724293.027999999,0.0027260987796293994,10724293.027999999,0.0,0.0
2024-12-30,0,0.0,0.0,0.0,-128775.99999999987,-128775.99999999987,-128775.99999999987,10595517.027999999,-0.012007877783997456,10724293.027999999,-128776.0,-1.2007877783997478
2024-12-31,13,10099377.0,13909.626,92151.0,-148108.00000000032,-55957.00000000032,-69866.62600000028,10525650.401999999,-0.006593979870483784,10724293.027999999,-198642.62600000016,-1.852267795008633
2025-01-02,2,1105282.0,2210.5640000000003,23186.00000000002,-291073.0,-267887.0,-270097.564,10255552.838,-0.02566089065134422,10724293.027999999,-468740.1899999995,-4.3708260187983345
2025-01-03,5,3635906.0,7271.812,247283.00000000012,-291003.0,-43719.99999999988,-50991.81199999989,10204561.026,-0.004972117330531274,10724293.027999999,-519732.00199999847,-4.846305492054659
2025-01-06,2,1188152.0,2376.304,24549.999999999978,-18037.999999999927,6512.000000000052,4135.696000000051,10208696.722,0.00040527916776246823,10724293.027999999,-515596.30599999987,-4.807741681934951
2025-01-07,0,0.0,0.0,0.0,0.0,0.0,0.0,10208696.722,0.0,10724293.027999999,-515596.30599999987,-4.807741681934951
2025-01-08,0,0.0,0.0,0.0,0.0,0.0,0.0,10208696.722,0.0,10724293.027999999,-515596.30599999987,-4.807741681934951
2025-01-09,0,0.0,0.0,0.0,0.0,0.0,0.0,10208696.722,0.0,10724293.027999999,-515596.30599999987,-4.807741681934951
2025-01-10,0,0.0,0.0,0.0,0.0,0.0,0.0,10208696.722,0.0,10724293.027999999,-515596.30599999987,-4.807741681934951
2025-01-13,0,0.0,0.0,0.0,0.0,0.0,0.0,10208696.722,0.0,10724293.027999999,-515596.30599999987,-4.807741681934951
2025-01-14,10,9678263.0,9678.262999999999,524090.00000000035,0.0,524090.00000000035,514411.7370000004,10723108.459,0.05038956009844345,10724293.027999999,-1184.5689999982715,-0.011045660510256017
2025-01-15,0,0.0,0.0,0.0,-131800.99999999997,-131800.99999999997,-131800.99999999997,10591307.459,-0.012291305315426352,10724293.027999999,-132985.56899999827,-1.2400404264671483
2025-01-16,3,3025296.0,6050.592000000001,14479.999999999858,15521.00000000026,30001.000000000124,23950.408000000167,10615257.867,0.002261326856265312,10724293.027999999,-109035.16099999845,-1.0167118775598505
2025-01-17,4,3874491.0,7748.982,-184250.99999999997,224997.0,40745.99999999999,32997.01799999999,10648254.885,0.0031084518542482263,10724293.027999999,-76038.14299999923,-0.7090270920560582
2025-01-20,1,1043347.0,2086.694,-10590.99999999998,60501.99999999971,49910.99999999973,47824.305999999735,10696079.191,0.004491281108171921,10724293.027999999,-28213.83699999936,-0.26308342122259853
2025-01-21,1,988032.0,1976.064,1991.9999999999575,-89.99999999984902,1902.0000000001091,-74.06399999989117,10696005.127,-6.9244064742559316e-6,10724293.027999999,-28287.900999998674,-0.26377404017348116
2025-01-22,0,0.0,0.0,0.0,36339.999999999956,36339.999999999956,36339.999999999956,10732345.127,0.003397530159018593,10732345.127,0.0,0.0
2025-01-23,0,0.0,0.0,0.0,-34444.00000000011,-34444.00000000011,-34444.00000000011,10697901.127,-0.003209363805618511,10732345.127,-34444.0,-0.3209363805618537
2025-01-24,1,1264948.0,2529.896,-11217.999999999902,12324.000000000018,1106.0000000001164,-1423.8959999998838,10696477.231,-0.0001331005010324879,10732345.127,-35867.89599999972,-0.33420371387204995
2025-01-27,0,0.0,0.0,0.0,0.0,0.0,0.0,10696477.231,0.0,10732345.127,-35867.89599999972,-0.33420371387204995
2025-02-05,8,7858702.0,7858.702000000001,-288017.0000000002,0.0,-288017.0000000002,-295875.70200000005,10400601.529,-0.027661041631772854,10732345.127,-331743.59800000116,-3.091063454206422
2025-02-06,6,5465552.0,8833.134,65226.99999999976,299140.00000000006,364366.9999999998,355533.8659999998,10756135.395,0.034183971475944465,10756135.395,0.0,0.0
2025-02-07,0,0.0,0.0,0.0,205852.0,205852.0,205852.0,10961987.395,0.0191381004831615,10961987.395,0.0,0.0
2025-02-10,0,0.0,0.0,0.0,99329.00000000016,99329.00000000016,99329.00000000016,11061316.395,0.009061221877093757,11061316.395,0.0,0.0
2025-02-11,2,1906294.0,3812.588,66303.99999999996,-163494.00000000012,-97190.00000000015,-101002.58800000013,10960313.807,-0.009131154411752954,11061316.395,-101002.58799999952,-0.913115441175294
2025-02-12,1,1454627.0,2909.254,1263.9999999999732,10898.000000000015,12161.999999999985,9252.745999999985,10969566.553,0.0008442044783507853,11061316.395,-91749.84200000018,-0.8294658494849116
2025-02-13,0,0.0,0.0,0.0,-125690.99999999994,-125690.99999999994,-125690.99999999994,10843875.553,-0.01145815556090733,11061316.395,-217440.84200000018,-1.9657772568397847
2025-02-14,3,3394314.0,6788.628,15967.999999999967,-20634.99999999995,-4666.999999999979,-11455.627999999979,10832419.925,-0.0010564145580617057,11061316.395,-228896.4699999988,-2.069342036933919
2025-02-17,0,0.0,0.0,0.0,0.0,0.0,0.0,10832419.925,0.0,11061316.395,-228896.4699999988,-2.069342036933919
2025-02-18,10,10061844.0,10061.844,-269607.99999999994,0.0,-269607.99999999994,-279669.8439999999,10552750.081,-0.025817854730183984,11061316.395,-508566.3139999993,-4.597701537855691
2025-02-19,1,811188.0,1622.376,-12136.000000000004,220105.00000000015,207969.00000000015,206346.62400000016,10759096.705,0.01955382458753785,11061316.395,-302219.6899999995,-2.7322217284790007
2025-02-20,0,0.0,0.0,0.0,-78444.00000000022,-78444.00000000022,-78444.00000000022,10680652.705,-0.007290946642718181,11061316.395,-380663.6899999995,-3.4413959099123925
2025-02-21,0,0.0,0.0,0.0,419095.00000000035,419095.00000000035,419095.00000000035,11099747.705,0.03923870680710426,11099747.705,0.0,0.0
2025-02-24,0,0.0,0.0,0.0,-230080.00000000012,-230080.00000000012,-230080.00000000012,10869667.705,-0.02072839906949939,11099747.705,-230080.0,-2.0728399069499415
2025-02-25,2,2120245.0,4240.49,28733.000000000055,-326966.00000000023,-298233.0000000002,-302473.4900000002,10567194.215,-0.027827298700296398,11099747.705,-532553.4900000002,-4.797888241730986
2025-02-26,3,3089865.0,6179.73,37104.00000000028,10844.000000000085,47948.00000000037,41768.27000000037,10608962.485,0.0039526357848812905,11099747.705,-490785.22000000067,-4.421588967998991
2025-02-27,0,0.0,0.0,0.0,-98642.00000000003,-98642.00000000003,-98642.00000000003,10510320.485,-0.009297987445942034,11099747.705,-589427.2200000007,-5.31027583387762
2025-02-28,2,1979625.0,3959.25,82090.00000000003,-169786.99999999994,-87696.9999999999,-91656.2499999999,10418664.235,-0.00872059516461072,11099747.705,-681083.4700000007,-6.1360265845790245
2025-03-03,2,1690361.0,3380.722,-3929.0000000000164,21060.99999999994,17131.999999999927,13751.277999999926,10432415.513,0.001319869581150857,11099747.705,-667332.1919999998,-6.012138381302057
2025-03-04,10,9761194.0,9761.194,183885.99999999997,0.0,183885.99999999997,174124.80599999998,10606540.319,0.01669074681534877,11099747.705,-493207.38599999994,-4.443410779308343
2025-03-05,0,0.0,0.0,0.0,165974.0000000001,165974.0000000001,165974.0000000001,10772514.319,0.015648269370426366,11099747.705,-327233.38599999994,-2.9481155310637774
2025-03-06,0,0.0,0.0,0.0,287213.0000000003,287213.0000000003,287213.0000000003,11059727.319,0.026661649406529788,11099747.705,-40020.38599999994,-0.3605522131099659
2025-03-07,0,0.0,0.0,0.0,-108212.00000000009,-108212.00000000009,-108212.00000000009,10951515.319,-0.009784328028964851,11099747.705,-148232.38599999994,-1.335457254881811
2025-03-10,3,3143599.0,6287.198,-67455.0,85082.99999999996,17627.99999999994,11340.801999999941,10962856.121000001,0.0010355463759728018,11099747.705,-136891.58399999887,-1.2332855452050873
2025-03-11,0,0.0,0.0,0.0,-79257.00000000016,-79257.00000000016,-79257.00000000016,10883599.121,-0.00722959410624576,11099747.705,-216148.58400000073,-1.9473288019207335
2025-03-12,1,1072400.0,2144.8,-7055.999999999949,-103239.00000000015,-110295.0000000001,-112439.8000000001,10771159.321,-0.010331122889582114,11099747.705,-328588.3839999996,-2.9603229977198775
2025-03-13,2,2089526.0,4179.052000000001,91797.99999999991,-183451.9999999997,-91653.99999999981,-95833.0519999998,10675326.269000001,-0.008897190092913974,11099747.705,-424421.4359999988,-3.823703450564142
2025-03-14,1,864324.0,1728.6480000000001,-88335.00000000001,177707.0000000001,89372.00000000009,87643.35200000009,10762969.621000001,0.008209899144207593,11099747.705,-336778.08399999887,-3.0341057558298745
2025-03-17,0,0.0,0.0,0.0,21870.00000000008,21870.00000000008,21870.00000000008,10784839.621000001,0.0020319670843749935,11099747.705,-314908.08399999887,-2.837074250418725
2025-03-18,11,10395314.0,13370.980000000001,-16751.99999999988,24993.99999999976,8241.99999999988,-5128.9800000001205,10779710.641,-0.0004755731360171004,11099747.705,-320037.0639999993,-2.8832823277220587
2025-03-19,0,0.0,0.0,0.0,-317956.0000000001,-317956.0000000001,-317956.0000000001,10461754.641,-0.029495782455483815,11099747.705,-637993.0639999993,-5.747815904974207
2025-03-20,4,3600598.0,7201.196,24091.00000000012,-47898.999999999905,-23807.99999999979,-31009.195999999785,10430745.445,-0.0029640530737047,11099747.705,-669002.2599999998,-6.02718438094445
2025-03-21,0,0.0,0.0,0.0,-111127.00000000006,-111127.00000000006,-111127.00000000006,10319618.445,-0.010653792730918283,11099747.705,-780129.2599999998,-7.028351280890666
2025-03-24,3,2398033.0,4796.066,4307.999999999922,31654.000000000015,35961.99999999994,31165.933999999936,10350784.379,0.0030200665040189243,11099747.705,-748963.3259999994,-6.7475707187706675
2025-03-25,0,0.0,0.0,0.0,-42833.99999999995,-42833.99999999995,-42833.99999999995,10307950.379,-0.0041382371066392785,11099747.705,-791797.3259999994,-7.133471381906508
2025-03-26,1,960048.0,1920.096,-5074.00000000008,3422.0000000000737,-1652.0000000000064,-3572.0960000000064,10304378.283,-0.00034653795067525077,11099747.705,-795369.4220000003,-7.165653158420149
2025-03-27,0,0.0,0.0,0.0,0.0,0.0,0.0,10304378.283,0.0,11099747.705,-795369.4220000003,-7.165653158420149
2025-03-28,0,0.0,0.0,0.0,0.0,0.0,0.0,10304378.283,0.0,11099747.705,-795369.4220000003,-7.165653158420149
2025-03-31,0,0.0,0.0,0.0,0.0,0.0,0.0,10304378.283,0.0,11099747.705,-795369.4220000003,-7.165653158420149
2025-04-01,9,8755470.0,8755.470000000001,-131736.99999999994,0.0,-131736.99999999994,-140492.46999999997,10163885.813000001,-0.013634250038333809,11099747.705,-935861.8919999991,-8.431379855403653
2025-04-02,1,1074400.0,1074.4,-4504.999999999962,64624.00000000009,60119.000000000124,59044.60000000012,10222930.413,0.005809254559361471,11099747.705,-876817.2919999994,-7.8994344313342175
2025-04-03,0,0.0,0.0,0.0,-222380.0000000002,-222380.0000000002,-222380.0000000002,10000550.413,-0.02175305817568808,11099747.705,-1099197.2919999994,-9.902903392163175
2025-04-07,0,0.0,0.0,0.0,-930062.0,-930062.0,-930062.0,9070488.413,-0.09300108109959487,11099747.705,-2029259.2919999994,-18.282030780626645
2025-04-08,7,6238511.0,12477.022,70855.00000000004,-186982.99999999988,-116127.99999999983,-128605.02199999982,8941883.391,-0.014178401001613172,11099747.705,-2157864.3139999993,-19.4406609172564
2025-04-09,3,2246640.0,4493.280000000001,-41455.99999999995,36925.000000000095,-4530.9999999998545,-9024.279999999855,8932859.111000001,-0.0010092146816723488,11099747.705,-2166888.5939999986,-19.521962585004527
2025-04-10,0,0.0,0.0,0.0,0.0,0.0,0.0,8932859.111000001,0.0,11099747.705,-2166888.5939999986,-19.521962585004527
2025-04-11,0,0.0,0.0,0.0,0.0,0.0,0.0,8932859.111000001,0.0,11099747.705,-2166888.5939999986,-19.521962585004527
2025-04-14,0,0.0,0.0,0.0,0.0,0.0,0.0,8932859.111000001,0.0,11099747.705,-2166888.5939999986,-19.521962585004527
2025-04-15,10,8438814.0,8438.814000000002,-14600.99999999994,0.0,-14600.99999999994,-23039.813999999948,8909819.297,-0.0025792205735820626,11099747.705,-2189928.408,-19.729533194826786
2025-04-16,0,0.0,0.0,0.0,-277560.0000000002,-277560.0000000002,-277560.0000000002,8632259.297,-0.031152146945724976,11099747.705,-2467488.408,-22.23013057214348
2025-04-17,4,3307937.0,6615.874000000001,-5400.0000000001155,-4436.999999999847,-9836.999999999964,-16452.873999999963,8615806.423,-0.0019059754154648438,11099747.705,-2483941.2819999997,-22.378358031336887
2025-04-18,0,0.0,0.0,0.0,86974.00000000007,86974.00000000007,86974.00000000007,8702780.423,0.010094702193844774,11099747.705,-2396967.2819999997,-21.594790671865994
2025-04-21,0,0.0,0.0,0.0,164085.99999999997,164085.99999999997,164085.99999999997,8866866.423,0.018854434103191667,11099747.705,-2232881.2819999997,-20.116504819241744
2025-04-22,0,0.0,0.0,0.0,-86805.0000000001,-86805.0000000001,-86805.0000000001,8780061.423,-0.009789817040080157,11099747.705,-2319686.2819999997,-20.898549621583495
2025-04-23,1,856024.0,1712.048,-14039.999999999942,296356.9999999998,282316.9999999999,280604.95199999993,9060666.375,0.031959338150520766,11099747.705,-2039081.33,-18.370519620743043
2025-04-24,0,0.0,0.0,0.0,-113710.99999999978,-113710.99999999978,-113710.99999999978,8946955.375,-0.012549959936031746,11099747.705,-2152792.33,-19.394966329101806
2025-04-25,1,899626.0,1799.252,-6005.999999999969,87536.99999999978,81530.99999999981,79731.74799999982,9026687.123,0.008911606759858201,11099747.705,-2073060.5820000004,-18.67664596616163
2025-04-28,0,0.0,0.0,0.0,-60541.000000000095,-60541.000000000095,-60541.000000000095,8966146.123,-0.006706890266058023,11099747.705,-2133601.5820000004,-19.22207277773437
2025-04-29,13,8665630.0,12091.956999999999,-585.0000000001128,21677.00000000019,21092.000000000073,9000.043000000074,8975146.166000001,0.0010037805403276339,11099747.705,-2124601.538999999,-19.140989466300663
2025-04-30,0,0.0,0.0,0.0,60999.00000000023,60999.00000000023,60999.00000000023,9036145.166000001,0.006796435274901571,11099747.705,-2063602.538999999,-18.59143643481579
2025-05-06,0,0.0,0.0,0.0,201718.0,201718.0,201718.0,9237863.166000001,0.022323457214808537,11099747.705,-1861884.538999999,-16.774115849149375
2025-05-07,0,0.0,0.0,0.0,-64959.99999999999,-64959.99999999999,-64959.99999999999,9172903.166000001,-0.007031929227863602,11099747.705,-1926844.538999999,-17.35935437642453
2025-05-08,3,1799206.0,3598.4120000000003,-41766.99999999997,102548.99999999985,60781.9999999999,57183.58799999989,9230086.754,0.0062339683484236965,11099747.705,-1869660.9509999994,-16.84417520731386
2025-05-09,0,0.0,0.0,0.0,-53757.00000000008,-53757.00000000008,-53757.00000000008,9176329.754,-0.005824105605150848,11099747.705,-1923417.9509999994,-17.328483512589887
2025-05-12,2,1253918.0,2507.836,-9642.000000000144,62088.00000000015,52446.00000000001,49938.16400000001,9226267.918,0.005442062931340353,11099747.705,-1873479.7870000005,-16.87857991723606
2025-05-13,1,635832.0,1271.664,-4152.000000000044,-35557.99999999996,-39710.00000000001,-40981.664000000004,9185286.254,-0.004441846298441617,11099747.705,-1914461.4509999994,-17.247792489351898
2025-05-14,2,1202193.0,2404.3860000000004,-6666.9999999999145,16269.999999999967,9603.000000000051,7198.6140000000505,9192484.868,0.0007837114490433233,11099747.705,-1907262.8369999994,-17.182938636892185
2025-05-15,0,0.0,0.0,0.0,-14399.999999999978,-14399.999999999978,-14399.999999999978,9178084.868,-0.0015664970034520158,11099747.705,-1921662.8369999994,-17.3126713153522
2025-05-16,1,581440.0,1162.88,2240.000000000009,-3519.999999999982,-1279.9999999999727,-2442.879999999973,9175641.988,-0.00026616445970314376,11099747.705,-1924105.7170000002,-17.334679743515846
2025-05-19,0,0.0,0.0,0.0,0.0,0.0,0.0,9175641.988,0.0,11099747.705,-1924105.7170000002,-17.334679743515846
2025-05-20,10,8705731.0,8705.731,-11034.99999999994,0.0,-11034.99999999994,-19740.730999999934,9155901.257000001,-0.002151427772118385,11099747.705,-1943846.447999999,-17.51252820930671
2025-05-21,2,1783582.0,3567.1639999999998,-30337.99999999987,34120.9999999998,3782.999999999933,215.83599999993248,9156117.093,0.000023573430287289444,11099747.705,-1943630.6119999997,-17.51058369664088
2025-05-22,0,0.0,0.0,0.0,21630.000000000302,21630.000000000302,21630.000000000302,9177747.093,0.002362355109737127,11099747.705,-1922000.6119999997,-17.315714402537395
2025-05-23,0,0.0,0.0,0.0,-60866.000000000044,-60866.000000000044,-60866.000000000044,9116881.093,-0.006631910792837533,11099747.705,-1982866.6119999997,-17.86406920858927
2025-05-26,2,1540788.0,3081.576,4930.99999999984,-69125.00000000004,-64194.000000000204,-67275.5760000002,9049605.517,-0.007379231484290613,11099747.705,-2050142.1879999992,-18.47016925507676
2025-05-27,1,877521.0,1755.0420000000001,12136.999999999958,-109471.00000000003,-97334.00000000007,-99089.04200000007,8950516.475000001,-0.01094954269706643,11099747.705,-2149231.2299999986,-19.362883617902902
2025-05-28,1,879795.0000000001,1759.5900000000004,7980.000000000114,79177.00000000012,87157.00000000022,85397.41000000022,9035913.885000002,0.009541059472771948,11099747.705,-2063833.8199999984,-18.593520094788484
2025-05-29,0,0.0,0.0,0.0,104311.0,104311.0,104311.0,9140224.885000002,0.011544045386838033,11099747.705,-1959522.8199999984,-17.65375999598
2025-05-30,0,0.0,0.0,0.0,-31765.999999999964,-31765.999999999964,-31765.999999999964,9108458.885000002,-0.0034754068307587373,11099747.705,-1991288.8199999984,-17.939946680977272
2025-06-03,0,0.0,0.0,0.0,-54306.0,-54306.0,-54306.0,9054152.885000002,-0.0059621502040737365,11099747.705,-2045594.8199999984,-18.42920104461958
2025-06-04,4,3553546.0,7107.092,-119728.99999999983,151849.99999999983,32121.000000000007,25013.90800000001,9079166.793000001,0.002762699980628814,11099747.705,-2020580.9119999986,-18.203845399925676
2025-06-05,0,0.0,0.0,0.0,0.0,0.0,0.0,9079166.793000001,0.0,11099747.705,-2020580.9119999986,-18.203845399925676
2025-06-06,0,0.0,0.0,0.0,0.0,0.0,0.0,9079166.793000001,0.0,11099747.705,-2020580.9119999986,-18.203845399925676
2025-06-09,0,0.0,0.0,0.0,0.0,0.0,0.0,9079166.793000001,0.0,11099747.705,-2020580.9119999986,-18.203845399925676
2025-06-10,10,8577642.0,8577.642,100165.99999999985,0.0,100165.99999999985,91588.35799999986,9170755.151,0.01008774924926077,11099747.705,-1928992.5539999995,-17.378706302766357
2025-06-11,0,0.0,0.0,0.0,-65165.00000000007,-65165.00000000007,-65165.00000000007,9105590.151,-0.007105739813901176,11099747.705,-1994157.5539999995,-17.965791718866818
2025-06-12,0,0.0,0.0,0.0,272908.0000000001,272908.0000000001,272908.0000000001,9378498.151,0.029971478561444862,11099747.705,-1721249.5539999995,-15.50710520406373
2025-06-13,0,0.0,0.0,0.0,-140529.0,-140529.0,-140529.0,9237969.151,-0.014984168865567865,11099747.705,-1861778.5539999995,-16.7731610076267
2025-06-16,0,0.0,0.0,0.0,168454.0,168454.0,168454.0,9406423.151,0.018234960221940665,11099747.705,-1693324.5539999995,-15.255522909202913
2025-06-17,1,712746.0,1425.492,22654.99999999997,-127055.99999999987,-104400.9999999999,-105826.4919999999,9300596.659000002,-0.011250449857632466,11099747.705,-1799151.0459999982,-16.20893639942421
2025-06-18,3,2910348.0,5820.696,-43806.9999999998,258938.9999999998,215132.00000000003,209311.30400000003,9509907.963000001,0.02250514796784066,11099747.705,-1589839.7419999987,-14.323206114710507
2025-06-19,0,0.0,0.0,0.0,12803.999999999976,12803.999999999976,12803.999999999976,9522711.963000001,0.0013463852699538473,11099747.705,-1577035.7419999987,-14.207852141446475
2025-06-20,1,838780.0,1677.56,15130.00000000001,-70540.99999999981,-55410.9999999998,-57088.5599999998,9465623.403,-0.005994989685901992,11099747.705,-1634124.3019999992,-14.722175182989883
2025-06-23,3,2785242.0,5570.484,36633.00000000001,-68980.00000000001,-32347.000000000004,-37917.48400000001,9427705.919000002,-0.004005809484030583,11099747.705,-1672041.7859999985,-15.06378190241936
2025-06-24,10,8225840.0,9956.528,-34785.999999999935,20675.99999999988,-14110.000000000055,-24066.52800000005,9403639.391,-0.0025527448784225127,11099747.705,-1696108.3139999993,-15.280602398160536
2025-06-25,1,823458.0,823.458,42813.00000000001,127986.9999999998,170799.9999999998,169976.5419999998,9573615.933,0.018075612529621237,11099747.705,-1526131.7719999999,-13.74924739336677
2025-06-26,0,0.0,0.0,0.0,163129.00000000012,163129.00000000012,163129.00000000012,9736744.933,0.017039434330940587,11099747.705,-1363002.7719999999,-12.279583358331836
2025-06-27,0,0.0,0.0,0.0,158384.99999999985,158384.99999999985,158384.99999999985,9895129.933,0.016266729907157978,11099747.705,-1204617.7719999999,-10.852659033478451
2025-06-30,0,0.0,0.0,0.0,101590.00000000019,101590.00000000019,101590.00000000019,9996719.933,0.010266666601435924,11099747.705,-1103027.7719999999,-9.937413005370644
2025-07-01,0,0.0,0.0,0.0,116644.99999999991,116644.99999999991,116644.99999999991,10113364.933,0.011668327289528758,11099747.705,-986382.7719999999,-8.886533263775654
2025-07-02,1,789414.0000000001,1578.8280000000002,11808.000000000098,-238787.99999999997,-226979.99999999988,-228558.8279999999,9884806.105,-0.022599681660276122,11099747.705,-1214941.5999999996,-10.945668606978487
2025-07-03,4,3411766.0,6823.532000000001,-176362.99999999985,319836.9999999996,143473.99999999983,136650.46799999982,10021456.573,0.013824294229795652,11099747.705,-1078291.1319999993,-9.714555327363627
2025-07-04,0,0.0,0.0,0.0,76442.99999999999,76442.99999999999,76442.99999999999,10097899.573,0.007627933069725032,11099747.705,-1001848.1319999993,-9.025863998230388
2025-07-07,0,0.0,0.0,0.0,-63707.99999999991,-63707.99999999991,-63707.99999999991,10034191.573,-0.006309034818522451,11099747.705,-1065556.1319999993,-9.599822989850558
2025-07-08,12,9691010.0,13402.560000000001,355605.00000000006,118823.0,474428.00000000006,461025.4400000001,10495217.013,0.04594544928168669,11099747.705,-604530.6919999998,-5.446346241975231
2025-07-09,0,0.0,0.0,0.0,26801.000000000025,26801.000000000025,26801.000000000025,10522018.013,0.0025536394308762447,11099747.705,-577729.6919999998,-5.204890303405318
2025-07-10,2,1828030.0,3656.0599999999995,51702.999999999956,3503.000000000049,55206.0,51549.94,10573567.953000002,0.0048992446065299605,11099747.705,-526179.7519999985,-4.7404658734988665
2025-07-11,0,0.0,0.0,0.0,-117179.00000000003,-117179.00000000003,-117179.00000000003,10456388.953000002,-0.011082257240022108,11099747.705,-643358.7519999985,-5.796156535253417
2025-07-14,3,2392566.0,4785.132,-33465.999999999985,157311.0000000001,123845.0000000001,119059.86800000012,10575448.821,0.01138632739611698,11099747.705,-524298.8839999996,-4.7235207315912575
2025-07-15,0,0.0,0.0,0.0,225151.99999999988,225151.99999999988,225151.99999999988,10800600.821,0.021290065680513587,11099747.705,-299146.8839999996,-2.695078230158743
2025-07-16,0,0.0,0.0,0.0,-79744.99999999993,-79744.99999999993,-79744.99999999993,10720855.821,-0.0073833855469363245,11099747.705,-378891.8839999996,-3.413517983199954
2025-07-17,2,1718260.0,3436.52,-82074.00000000012,75873.00000000009,-6201.000000000039,-9637.520000000039,10711218.301,-0.0008989506211921617,11099747.705,-388529.40399999917,-3.5003444612077272
2025-07-18,0,0.0,0.0,0.0,-14029.999999999982,-14029.999999999982,-14029.999999999982,10697188.301,-0.0013098416637340085,11099747.705,-402559.40399999917,-3.626743730568416
2025-07-21,1,730414.0,1460.828,5855.999999999962,-7320.000000000017,-1464.0000000000555,-2924.8280000000555,10694263.473000001,-0.0002734202593896871,11099747.705,-405484.2319999989,-3.653094131295831
2025-07-22,8,8002615.0,8002.615000000002,58301.999999999825,0.0,58301.999999999825,50299.38499999983,10744562.858000001,0.004703398707820462,11099747.705,-355184.84699999914,-3.1999362187304703
2025-07-23,0,0.0,0.0,0.0,-89157.99999999999,-89157.99999999999,-89157.99999999999,10655404.858000001,-0.008297964391693821,11099747.705,-444342.84699999914,-4.003179701101134
2025-07-24,2,2454472.0,2454.4719999999998,214266.99999999997,-12806.999999999825,201460.00000000012,199005.5280000001,10854410.386,0.0186764867831922,11099747.705,-245337.31900000013,-2.2102963555602706
2025-07-25,0,0.0,0.0,0.0,-284757.0000000001,-284757.0000000001,-284757.0000000001,10569653.386,-0.026234220917911773,11099747.705,-530094.3190000001,-4.775733044465625
2025-07-28,4,4509314.0,9018.628,46567.000000000044,327488.0000000001,374055.00000000023,365036.37200000015,10934689.758000001,0.034536267053327324,11099747.705,-165057.94699999876,-1.4870423309319647
2025-07-29,0,0.0,0.0,0.0,384420.99999999977,384420.99999999977,384420.99999999977,11319110.758000001,0.03515609573822167,11319110.758000001,0.0,0.0
2025-07-30,0,0.0,0.0,0.0,10452.000000000222,10452.000000000222,10452.000000000222,11329562.758000001,0.0009233940919442674,11329562.758000001,0.0,0.0
2025-07-31,0,0.0,0.0,0.0,-10922.999999999993,-10922.999999999993,-10922.999999999993,11318639.758000001,-0.0009641148765681252,11329562.758000001,-10923.0,-0.09641148765681118
2025-08-01,2,2228432.0,4456.864,77964.00000000004,-149847.00000000017,-71883.0000000001,-76339.8640000001,11242299.894000001,-0.006744614691535097,11329562.758000001,-87262.86400000006,-0.7702226984742433
2025-08-04,1,980889.0,1961.778,-10100.99999999993,-78138.00000000003,-88238.99999999997,-90200.77799999996,11152099.116,-0.008023338538419605,11329562.758000001,-177463.64200000092,-1.5663767948563612
2025-08-05,9,9847702.0,13138.963000000002,71324.9999999998,-23556.000000000095,47768.99999999969,34630.0369999997,11186729.153,0.0031052483160158165,11329562.758000001,-142833.60500000045,-1.2607159521592637
2025-08-06,1,994993.0,994.993,2996.0000000000123,-51505.99999999981,-48509.999999999796,-49504.9929999998,11137224.16,-0.004425332223827437,11329562.758000001,-192338.59800000116,-1.6976700876138229
2025-08-07,0,0.0,0.0,0.0,-24753.999999999724,-24753.999999999724,-24753.999999999724,11112470.16,-0.0022226364167927458,11329562.758000001,-217092.59800000116,-1.916160425932667
2025-08-08,0,0.0,0.0,0.0,23179.99999999985,23179.99999999985,23179.99999999985,11135650.16,0.00208594485890615,11329562.758000001,-193912.59800000116,-1.711562945031364
2025-08-11,0,0.0,0.0,0.0,113663.99999999984,113663.99999999984,113663.99999999984,11249314.16,0.010207217213799396,11329562.758000001,-80248.59800000116,-0.7083115184064459
2025-08-12,0,0.0,0.0,0.0,30797.00000000016,30797.00000000016,30797.00000000016,11280111.16,0.0027376780096965486,11329562.758000001,-49451.59800000116,-0.4364828463047532
2025-08-13,1,1042151.9999999999,2084.3039999999996,0.0,462906.99999999977,462906.99999999977,460822.69599999976,11740933.856,0.040852673299364935,11740933.856,0.0,0.0
2025-08-14,0,0.0,0.0,0.0,-245219.99999999968,-245219.99999999968,-245219.99999999968,11495713.856,-0.02088590251913263,11740933.856,-245220.0,-2.088590251913258
2025-08-15,2,2679760.0,5359.52,-9795.999999999996,114190.99999999987,104394.99999999988,99035.47999999988,11594749.336000001,0.008614991747407708,11740933.856,-146184.51999999955,-1.245084264956442
2025-08-18,0,0.0,0.0,0.0,14059.999999999878,14059.999999999878,14059.999999999878,11608809.336000001,0.0012126178490418724,11740933.856,-132124.51999999955,-1.1253322914555053
2025-08-19,14,12196447.0,16433.139000000003,322223.9999999999,-71865.00000000003,250358.9999999999,233925.86099999992,11842735.197,0.02015071952939856,11842735.197,0.0,0.0
2025-08-20,0,0.0,0.0,0.0,5200.999999999913,5200.999999999913,5200.999999999913,11847936.197,0.0004391721940483408,11847936.197,0.0,0.0
2025-08-21,2,1723495.0,3446.9900000000002,69901.99999999994,-115476.9999999998,-45574.999999999854,-49021.989999999845,11798914.207,-0.0041375973996562385,11847936.197,-49021.99000000022,-0.41375973996562454
2025-08-22,2,1658500.0,3317.0,-34728.00000000009,440387.0,405658.9999999999,402341.9999999999,12201256.207,0.034099917411154715,12201256.207,0.0,0.0
2025-08-25,0,0.0,0.0,0.0,322058.99999999994,322058.99999999994,322058.99999999994,12523315.207,0.026395560796045825,12523315.207,0.0,0.0
2025-08-26,0,0.0,0.0,0.0,-67541.99999999997,-67541.99999999997,-67541.99999999997,12455773.207,-0.00539330032691718,12523315.207,-67542.0,-0.5393300326917205
2025-08-27,3,2930082.0,5860.164,-58441.999999999905,70157.99999999974,11715.999999999825,5855.835999999828,12461629.043000001,0.0004701302683249038,12523315.207,-61686.16399999894,-0.49257056123220844
2025-08-28,1,1014179.0,2028.358,-32896.99999999998,107628.00000000006,74731.00000000009,72702.64200000008,12534331.685,0.005834120222093908,12534331.685,0.0,0.0
2025-08-29,0,0.0,0.0,0.0,50579.999999999985,50579.999999999985,50579.999999999985,12584911.685,0.004035316861810012,12584911.685,0.0,0.0
2025-09-01,0,0.0,0.0,0.0,-49598.99999999997,-49598.99999999997,-49598.99999999997,12535312.685,-0.0039411480383384195,12584911.685,-49599.0,-0.3941148038338449
2025-09-02,12,11904077.0,13495.713999999996,-427756.00000000023,-84890.99999999996,-512647.00000000023,-526142.7140000004,12009169.971,-0.04197284321671468,12584911.685,-575741.7139999997,-4.574857006634603
2025-09-03,4,3712322.0,7424.644,-16027.999999999854,-1929.9999999996653,-17957.999999999534,-25382.643999999535,11983787.327,-0.002113605191807244,12584911.685,-601124.3580000009,-4.77654808429433
2025-09-04,2,1856950.0,3713.9,132586.0000000001,-536880.0,-404293.99999999994,-408007.89999999997,11575779.427000001,-0.03404665727676415,12584911.685,-1009132.2579999994,-8.018588316378795
2025-09-05,3,2831074.0,5662.148,-145751.00000000012,233242.00000000003,87490.99999999994,81828.85199999994,11657608.279000001,0.007068971252954054,12584911.685,-927303.4059999995,-7.3683743613811465
2025-09-08,0,0.0,0.0,0.0,-84672.00000000007,-84672.00000000007,-84672.00000000007,11572936.279000001,-0.007263239420433093,12584911.685,-1011975.4059999995,-8.041180036298357
2025-09-09,1,979584.0000000001,1959.1680000000003,47808.00000000004,-49727.99999999993,-1919.9999999998909,-3879.1679999998914,11569057.111000001,-0.00033519306652008893,12584911.685,-1015854.5739999991,-8.072003995155564
2025-09-10,0,0.0,0.0,0.0,0.0,0.0,0.0,11569057.111000001,0.0,12584911.685,-1015854.5739999991,-8.072003995155564
2025-09-11,0,0.0,0.0,0.0,0.0,0.0,0.0,11569057.111000001,0.0,12584911.685,-1015854.5739999991,-8.072003995155564
2025-09-12,0,0.0,0.0,0.0,0.0,0.0,0.0,11569057.111000001,0.0,12584911.685,-1015854.5739999991,-8.072003995155564
2025-09-15,0,0.0,0.0,0.0,0.0,0.0,0.0,11569057.111000001,0.0,12584911.685,-1015854.5739999991,-8.072003995155564
2025-09-16,9,9974361.0,9974.360999999999,121141.99999999984,0.0,121141.99999999984,111167.63899999982,11680224.75,0.009609049201969883,12584911.685,-904686.9350000005,-7.18866335850652
2025-09-17,1,1135003.0,1135.003,5264.000000000022,-41477.000000000015,-36212.99999999999,-37348.003,11642876.747000001,-0.0031975414685405457,12584911.685,-942034.9379999992,-7.485431456168367
2025-09-18,1,1026286.0,2052.572,29883.999999999956,-117320.00000000017,-87436.00000000023,-89488.57200000022,11553388.175,-0.007686122076578624,12584911.685,-1031523.5099999998,-8.19650972385826
2025-09-19,1,1199152.0,2398.304,32482.000000000102,-91360.00000000013,-58878.00000000003,-61276.30400000003,11492111.871,-0.005303751858056253,12584911.685,-1092799.8140000012,-8.6834126559864
2025-09-22,2,2315196.0,4630.392,-43898.00000000013,101235.00000000026,57337.000000000124,52706.60800000013,11544818.479,0.004586329178799981,12584911.685,-1040093.2060000002,-8.264604726942116
2025-09-23,1,912540.0,1825.08,-49848.00000000008,98906.00000000015,49058.000000000065,47232.920000000064,11592051.399,0.004091265712485346,12584911.685,-992860.2860000003,-7.889290849640163
2025-09-24,1,1202730.0,2405.46,-18330.000000000025,117458.99999999999,99128.99999999996,96723.53999999996,11688774.939000001,0.008343953686087428,12584911.685,-896136.7459999993,-7.120723358496884
2025-09-25,1,1138644.0,2277.288,-32183.99999999989,121970.00000000007,89786.00000000017,87508.71200000017,11776283.651,0.007486559751272439,12584911.685,-808628.034,-6.425377104265317
2025-09-26,1,1118272.0,2236.544,-56051.99999999991,132724.99999999977,76672.99999999987,74436.45599999987,11850720.107,0.0063208783183206834,12584911.685,-734191.5779999997,-5.833903299258624
2025-09-29,1,1287839.0,2575.678,-59409.00000000019,105449.00000000013,46039.999999999935,43464.321999999935,11894184.429000001,0.0036676523964418884,12584911.685,-690727.2559999991,-5.488534789030575
2025-09-30,10,11382422.0,12667.715999999999,9531.000000000333,13487.999999999913,23019.000000000244,10351.28400000024,11904535.713000001,0.0008702811076951044,12584911.685,-680375.9719999991,-5.406283246396882
2025-10-09,0,0.0,0.0,0.0,78718.00000000016,78718.00000000016,78718.00000000016,11983253.713000001,0.006612437637029246,12584911.685,-601657.9719999991,-4.780788193508878
2025-10-10,0,0.0,0.0,0.0,-580184.0000000005,-580184.0000000005,-580184.0000000005,11403069.713000001,-0.048416232677322764,12584911.685,-1181841.9719999991,-9.390943707683231
2025-10-13,3,3229808.0,6459.616,50000.00000000007,-240481.99999999994,-190481.99999999988,-196941.61599999983,11206128.097000001,-0.01727092975459742,12584911.685,-1378783.5879999995,-10.9558463540382
2025-10-14,4,3963828.0,7927.656000000001,224096.0,-326772.0,-102676.00000000003,-110603.65600000003,11095524.441000002,-0.00986992608353364,12584911.685,-1489387.243999999,-11.834705568694648
2025-10-15,2,2131776.0,4263.552,-49806.0000000001,69646.00000000003,19839.99999999993,15576.447999999931,11111100.889,0.0014038496407110862,12584911.685,-1473810.796,-11.710934751784075
2025-10-16,0,0.0,0.0,0.0,0.0,0.0,0.0,11111100.889,0.0,12584911.685,-1473810.796,-11.710934751784075
2025-10-17,0,0.0,0.0,0.0,0.0,0.0,0.0,11111100.889,0.0,12584911.685,-1473810.796,-11.710934751784075
2025-10-20,0,0.0,0.0,0.0,0.0,0.0,0.0,11111100.889,0.0,12584911.685,-1473810.796,-11.710934751784075
2025-10-21,9,9526197.0,9526.197,298946.99999999994,0.0,298946.99999999994,289420.8029999999,11400521.692,0.026047896233803998,12584911.685,-1184389.9930000007,-9.411190341619003
2025-10-22,1,1070000.0,1070.0,-15349.999999999965,-27728.99999999992,-43078.99999999988,-44148.99999999988,11356372.692000002,-0.003872542081208308,12584911.685,-1228538.9929999989,-9.76199931910765
2025-10-23,0,0.0,0.0,0.0,-94602.00000000015,-94602.00000000015,-94602.00000000015,11261770.692,-0.008330300754099436,12584911.685,-1323140.9930000007,-10.513709004228112
2025-10-24,2,2285970.0,4571.9400000000005,-104975.00000000007,518785.00000000023,413810.0000000001,409238.0600000002,11671008.752,0.036338695858077634,12584911.685,-913902.9330000002,-7.261893892265325
2025-10-27,1,989676.0,1979.352,-28416.000000000025,338181.9999999999,309765.9999999999,307786.64799999987,11978795.4,0.026371897626009083,12584911.685,-606116.2850000001,-4.8162140519621754
2025-10-28,1,1038420.0,2076.84,-8234.999999999993,-77730.99999999997,-85965.99999999996,-88042.83999999995,11890752.56,-0.007349890958150921,12584911.685,-694159.125,-5.515804499664235
2025-10-29,1,1363400.0,2726.8,16120.000000000118,301360.0000000002,317480.0000000003,314753.2000000003,12205505.760000002,0.02647041879071791,12584911.685,-379405.9249999989,-3.0147682756662797
2025-10-30,1,1231200.0,2462.4,71200.00000000004,96022.99999999991,167222.99999999994,164760.59999999995,12370266.360000001,0.01349887528134677,12584911.685,-214645.32499999925,-1.7055767284869794
2025-10-31,0,0.0,0.0,0.0,-239342.00000000012,-239342.00000000012,-239342.00000000012,12130924.360000001,-0.019348168667889538,12584911.685,-453987.32499999925,-3.6073938090571467
2025-11-03,3,3721370.0,7442.74,-30868.000000000015,37589.999999999905,6721.999999999891,-720.7400000001144,12130203.620000001,-0.00005941344440138142,12584911.685,-454708.0649999995,-3.613120825805771
2025-11-04,10,10549999.0,11565.662999999999,-178826.0000000002,4160.000000000059,-174666.00000000015,-186231.66300000015,11943971.957,-0.015352723567883572,12584911.685,-640939.7280000001,-5.0929219373381684
2025-11-05,2,2062510.0,3090.02,-60165.00000000012,366034.0,305868.9999999999,302778.97999999986,12246750.937,0.025349940630306895,12584911.685,-338160.7479999997,-2.6870331430537964
2025-11-06,0,0.0,0.0,0.0,303353.99999999994,303353.99999999994,303353.99999999994,12550104.937,0.024770161617601285,12584911.685,-34806.74799999967,-0.27657522651896027
2025-11-07,0,0.0,0.0,0.0,-15349.99999999965,-15349.99999999965,-15349.99999999965,12534754.937,-0.0012230973427756287,12584911.685,-50156.74799999967,-0.39854668237189195
2025-11-10,1,1055060.0,2110.12,3833.9999999999436,42283.99999999978,46117.99999999972,44007.87999999973,12578762.817000002,0.0035108687980886385,12584911.685,-6148.867999998853,-0.04885904767474303
2025-11-11,0,0.0,0.0,0.0,-106874.99999999991,-106874.99999999991,-106874.99999999991,12471887.817000002,-0.008496463567590297,12584911.685,-113023.86799999885,-0.8980902753152553
2025-11-12,2,2134970.0,4269.9400000000005,-36035.00000000007,-190454.99999999994,-226490.0,-230759.94,12241127.877,-0.0185024066433199,12584911.685,-343783.8080000002,-2.7317141081709573
2025-11-13,3,3395827.0,6791.654,-116555.00000000003,203459.99999999997,86904.99999999994,80113.34599999993,12321241.223000001,0.006544604942043514,12584911.685,-263670.46199999936,-2.0951316036191936
2025-11-14,0,0.0,0.0,0.0,-125948.0,-125948.0,-125948.0,12195293.223000001,-0.010222022093431097,12584911.685,-389618.46199999936,-3.0959173314214605
2025-11-17,1,1022400.0,2044.8,-43776.00000000009,87835.00000000015,44059.00000000005,42014.20000000005,12237307.423,0.0034451160158053096,12584911.685,-347604.2620000001,-2.76207152422302
2025-11-18,10,10624391.0,11732.208999999999,-86242.99999999991,-45745.99999999993,-131988.99999999985,-143721.20899999986,12093586.214000002,-0.011744512418628552,12584911.685,-491325.470999999,-3.9040835827684917
2025-11-19,2,2021931.0,4043.862,-60538.99999999988,36620.99999999978,-23918.00000000011,-27961.86200000011,12065624.352000002,-0.0023121232614714405,12584911.685,-519287.3329999987,-4.1262691864491945
2025-11-20,1,1274650.0,2549.3,48229.99999999995,22344.000000000244,70574.00000000019,68024.70000000019,12133649.052000001,0.005637893076683053,12584911.685,-451262.63299999945,-3.5857433432596952
2025-11-21,0,0.0,0.0,0.0,-418037.0,-418037.0,-418037.0,11715612.052000001,-0.03445270241527997,12584911.685,-869299.6329999994,-6.907475036444799
2025-11-24,6,5830408.0,11660.816000000003,-795.9999999999854,-15000.00000000019,-15796.00000000019,-27456.816000000188,11688155.236000001,-0.0023436091838934204,12584911.685,-896756.4489999991,-7.125647532901214
2025-11-25,1,840750.0,1681.5,-3750.0,9899.999999999949,6149.999999999949,4468.499999999949,11692623.736000001,0.00038231011736025163,12584911.685,-892287.9489999991,-7.090140728309757
2025-11-26,0,0.0,0.0,0.0,0.0,0.0,0.0,11692623.736000001,0.0,12584911.685,-892287.9489999991,-7.090140728309757
2025-11-27,0,0.0,0.0,0.0,0.0,0.0,0.0,11692623.736000001,0.0,12584911.685,-892287.9489999991,-7.090140728309757
2025-11-28,0,0.0,0.0,0.0,0.0,0.0,0.0,11692623.736000001,0.0,12584911.685,-892287.9489999991,-7.090140728309757
2025-12-01,0,0.0,0.0,0.0,0.0,0.0,0.0,11692623.736000001,0.0,12584911.685,-892287.9489999991,-7.090140728309757
2025-12-02,9,9979618.0,9979.618,52364.00000000009,0.0,52364.00000000009,42384.382000000085,11735008.118,0.003624882058720792,12584911.685,-849903.5669999998,-6.753353446357535
2025-12-03,1,1060486.0,1060.486,-28695.99999999999,-69974.00000000009,-98670.00000000007,-99730.48600000008,11635277.632000001,-0.00849854427003129,12584911.685,-949634.0529999994,-7.545814200125623
2025-12-04,1,929015.0,1858.03,6234.999999999982,96529.00000000045,102764.00000000044,100905.97000000044,11736183.602000002,0.008672416180468556,12584911.685,-848728.0829999987,-6.744013023242745
2025-12-05,1,1103417.0,2206.834,18678.000000000106,207836.99999999945,226514.99999999956,224308.16599999956,11960491.768000001,0.019112530410803574,12584911.685,-624419.9169999994,-4.961655136159971
2025-12-08,0,0.0,0.0,0.0,498324.00000000023,498324.00000000023,498324.00000000023,12458815.768000001,0.04166417315158006,12584911.685,-126095.91699999943,-1.001961079713365
2025-12-09,0,0.0,0.0,0.0,324902.0,324902.0,324902.0,12783717.768000001,0.026078080457253294,12783717.768000001,0.0,0.0
2025-12-10,1,1066515.0,2133.03,-24734.99999999997,-147731.00000000015,-172466.00000000012,-174599.03000000012,12609118.738000002,-0.013657922770874435,12783717.768000001,-174599.02999999933,-1.3657922770874409
2025-12-11,3,3504130.0,7008.26,60242.999999999956,-274722.9999999999,-214479.9999999999,-221488.2599999999,12387630.478000002,-0.017565720856644988,12783717.768000001,-396087.2899999991,-3.09837323686446
2025-12-12,3,3787204.0,7574.408000000001,6128.000000000087,29595.99999999983,35723.99999999991,28149.591999999913,12415780.07,0.002272395196966119,12783717.768000001,-367937.6980000008,-2.878174445629711
2025-12-15,0,0.0,0.0,0.0,-24583.999999999945,-24583.999999999945,-24583.999999999945,12391196.07,-0.0019800608468735544,12783717.768000001,-392521.6980000008,-3.070481569786798
2025-12-16,10,10397325.0,10397.324999999999,-210065.0,-79020.00000000003,-289085.0,-299482.32500000007,12091713.745000001,-0.024168960228550338,12783717.768000001,-692004.023,-5.4131672456991575
2025-12-17,1,1313488.0,2626.976,-25461.999999999924,636051.9999999998,610589.9999999998,607963.0239999999,12699676.769000001,0.050279310015207454,12783717.768000001,-84040.99899999984,-0.6574065582890865
2025-12-18,0,0.0,0.0,0.0,-283882.9999999999,-283882.9999999999,-283882.9999999999,12415793.769000001,-0.022353561052274998,12783717.768000001,-367923.99899999984,-2.878067285879715
2025-12-19,5,5353600.0,10707.2,72414.00000000007,59800.999999999985,132215.00000000006,121507.80000000003,12537301.569,0.009786551086518686,12783717.768000001,-246416.19900000095,-1.927578529751539
2025-12-22,1,1155400.0,2310.8,-26500.0,168023.99999999983,141523.99999999983,139213.19999999984,12676514.769000001,0.011103920507441781,12783717.768000001,-107202.99899999984,-0.8385901577735777
2025-12-23,0,0.0,0.0,0.0,6858.000000000136,6858.000000000136,6858.000000000136,12683372.769000001,0.0005410004346597704,12783717.768000001,-100344.99899999984,-0.7849437919474567
2025-12-24,0,0.0,0.0,0.0,66116.00000000006,66116.00000000006,66116.00000000006,12749488.769000001,0.0052128090220289885,12783717.768000001,-34228.998999999836,-0.2677546518250029
2025-12-25,0,0.0,0.0,0.0,-11805.000000000102,-11805.000000000102,-11805.000000000102,12737683.769000001,-0.000925919479116959,12783717.768000001,-46033.998999999836,-0.36009868048895166
2025-12-26,0,0.0,0.0,0.0,-9091.000000000062,-9091.000000000062,-9091.000000000062,12728592.769000001,-0.0007137090357137754,12783717.768000001,-55124.998999999836,-0.43121257837831495
2025-12-29,0,0.0,0.0,0.0,-66662.99999999999,-66662.99999999999,-66662.99999999999,12661929.769000001,-0.00523726394659708,12783717.768000001,-121787.99899999984,-0.9526805989479636
2025-12-30,12,12121346.0,16367.314,88783.00000000004,95391.00000000003,184174.00000000006,167806.6860000001,12829736.455,0.01325285237411735,12829736.455,0.0,0.0
2025-12-31,0,0.0,0.0,0.0,107841.99999999988,107841.99999999988,107841.99999999988,12937578.455,0.008405628625206238,12937578.455,0.0,0.0
2026-01-05,0,0.0,0.0,0.0,258506.9999999999,258506.9999999999,258506.9999999999,13196085.455,0.019981096222847987,13196085.455,0.0,0.0
2026-01-06,0,0.0,0.0,0.0,152629.00000000026,152629.00000000026,152629.00000000026,13348714.455000002,0.011566233071199966,13348714.455000002,0.0,0.0
2026-01-07,1,894642.0,1789.284,12011.999999999938,-11316.99999999996,694.9999999999818,-1094.2840000000178,13347620.171,-0.00008197673294239685,13348714.455000002,-1094.2840000018477,-0.008197673294241259
2026-01-08,2,1811272.0,3622.544,31088.99999999997,-80374.0,-49285.00000000003,-52907.54400000004,13294712.627,-0.003963818517622377,13348714.455000002,-54001.82800000161,-0.40454703096727274
2026-01-09,2,1910610.0,3821.2200000000003,-10896.000000000011,159656.99999999994,148760.99999999994,144939.77999999994,13439652.407000002,0.010902061899829675,13439652.407000002,0.0,0.0
2026-01-12,0,0.0,0.0,0.0,194575.00000000015,194575.00000000015,194575.00000000015,13634227.407000002,0.014477680977720541,13634227.407000002,0.0,0.0
2026-01-13,11,11676917.0,13603.154,-75980.99999999983,-229885.99999999994,-305866.9999999997,-319470.1539999998,13314757.253,-0.023431481994790598,13634227.407000002,-319470.154000001,-2.3431481994790615
2026-01-14,0,0.0,0.0,0.0,-21439.000000000327,-21439.000000000327,-21439.000000000327,13293318.253,-0.00161016829617149,13634227.407000002,-340909.154000001,-2.5003921661521766
2026-01-15,0,0.0,0.0,0.0,-231026.00000000003,-231026.00000000003,-231026.00000000003,13062292.253,-0.017379106977135877,13634227.407000002,-571935.154000001,-4.194848280925411
2026-01-16,3,3918441.0,7836.8820000000005,6412.000000000298,-165659.00000000012,-159246.99999999977,-167083.88199999978,12895208.371000001,-0.01279131401776938,13634227.407000002,-739019.0360000003,-5.420322061084137
2026-01-19,1,963956.0,1927.912,24566.00000000003,-80353.00000000007,-55787.00000000005,-57714.91200000005,12837493.459,-0.0044756866534855985,13634227.407000002,-796733.9480000008,-5.843631063326304
2026-01-20,2,2185578.0,4371.156,32804.00000000001,-109385.99999999994,-76581.99999999993,-80953.15599999993,12756540.303000001,-0.006305993943330545,13634227.407000002,-877687.1040000003,-6.437380555566962
2026-01-21,2,2195125.0,4390.25,-32875.00000000005,28133.000000000055,-4741.999999999996,-9132.249999999996,12747408.053000001,-0.0007158876766808267,13634227.407000002,-886819.3540000003,-6.50436088182521
2026-01-22,0,0.0,0.0,0.0,-13727.999999999975,-13727.999999999975,-13727.999999999975,12733680.053000001,-0.001076924810355406,13634227.407000002,-900547.3540000003,-6.605048655251611
2026-01-23,0,0.0,0.0,0.0,-5525.999999999985,-5525.999999999985,-5525.999999999985,12728154.053000001,-0.00043396724097038216,13634227.407000002,-906073.3540000003,-6.64557900460726
2026-01-26,0,0.0,0.0,0.0,40497.00000000008,40497.00000000008,40497.00000000008,12768651.053000001,0.003181686820521703,13634227.407000002,-865576.3540000003,-6.348554473688783
2026-01-27,12,12047566.0,14033.77,205581.0000000002,-26124.000000000124,179457.0000000001,165423.2300000001,12934074.283,0.012955419434156462,13634227.407000002,-700153.1240000017,-5.135260716280365
2026-01-28,0,0.0,0.0,0.0,-5723.000000000073,-5723.000000000073,-5723.000000000073,12928351.283,-0.0004424746506614756,13634227.407000002,-705876.1240000017,-5.177235958655013
2026-01-29,1,1147500.0,2295.0,-11321.999999999922,-92237.9999999999,-103559.99999999983,-105854.99999999983,12822496.283,-0.008187818978835524,13634227.407000002,-811731.1240000017,-5.953627585698385
2026-01-30,2,1946788.0,3893.576,-115557.99999999987,-14981.000000000307,-130539.00000000017,-134432.57600000018,12688063.707,-0.010484118929184596,13634227.407000002,-946163.7000000011,-6.93962093894831
2026-02-02,1,1085240.0,2170.48,46539.99999999998,-122311.9999999998,-75771.99999999981,-77942.4799999998,12610121.227,-0.0061429767220509465,13634227.407000002,-1024106.1800000016,-7.511288681265582
2026-02-03,3,2776415.0,5552.83,-96274.99999999991,399612.0,303337.0000000001,297784.17000000016,12907905.397,0.02361469526259614,13634227.407000002,-726322.0100000016,-5.327195948243446
2026-02-04,0,0.0,0.0,0.0,73716.00000000004,73716.00000000004,73716.00000000004,12981621.397,0.005710918830961742,13634227.407000002,-652606.0100000016,-4.786527248804317
2026-02-05,0,0.0,0.0,0.0,-254841.00000000023,-254841.00000000023,-254841.00000000023,12726780.397,-0.019630906818688513,13634227.407000002,-907447.0100000016,-6.65565406026678
2026-02-06,2,2206434.0,4412.868,5993.999999999912,-11003.999999999844,-5009.999999999932,-9422.867999999933,12717357.529000001,-0.0007403968408396552,13634227.407000002,-916869.8780000005,-6.724765919110798
2026-02-09,0,0.0,0.0,0.0,16691.999999999985,16691.999999999985,16691.999999999985,12734049.529000001,0.0013125368192202218,13634227.407000002,-900177.8780000005,-6.6023387400582445
2026-02-10,11,12019138.0,12918.259000000002,54599.99999999996,-7383.000000000014,47216.99999999994,34298.74099999994,12768348.270000001,0.0026934669071209316,13634227.407000002,-865879.1370000001,-6.350775230252104
2026-02-11,0,0.0,0.0,0.0,-100662.00000000006,-100662.00000000006,-100662.00000000006,12667686.270000001,-0.007883713529064005,13634227.407000002,-966541.1370000001,-7.089078890555722
2026-02-12,1,1398894.0,2797.788,-8764.999999999813,398492.0000000001,389727.0000000003,386929.2120000003,13054615.482,0.03054458436631296,13634227.407000002,-579611.9250000007,-4.251153422176457
2026-02-13,0,0.0,0.0,0.0,-266258.0,-266258.0,-266258.0,12788357.482,-0.020395698392428527,13634227.407000002,-845869.9250000007,-6.204018018400658
2026-02-24,4,4960175.0,9920.35,-131815.0,377526.9999999999,245711.99999999985,235791.64999999994,13024149.132000001,0.018437993333536715,13634227.407000002,-610078.2750000004,-4.4746083279114
2026-02-25,0,0.0,0.0,0.0,-64482.99999999984,-64482.99999999984,-64482.99999999984,12959666.132000001,-0.004951033602768485,13634227.407000002,-674561.2750000004,-4.947557751997533
2026-02-26,2,2046830.0,4093.66,34995.00000000007,-65796.00000000026,-30801.000000000196,-34894.6600000002,12924771.472000001,-0.0026925585616621923,13634227.407000002,-709455.9350000005,-5.20349201917929
2026-02-27,0,0.0,0.0,0.0,23688.999999999964,23688.999999999964,23688.999999999964,12948460.472000001,0.0018328370487106433,13634227.407000002,-685766.9350000005,-5.029745467263647
2026-03-02,0,0.0,0.0,0.0,37941.000000000095,37941.000000000095,37941.000000000095,12986401.472000001,0.0029301552939088277,13634227.407000002,-647825.9350000005,-4.751467873180681
2026-03-03,1,929487.9999999999,1858.9759999999999,51723.99999999999,-178177.00000000006,-126453.00000000004,-128311.97600000004,12858089.496000001,-0.00988048739111088,13634227.407000002,-776137.9110000003,-5.692569793881541
2026-03-04,2,1938375.0,3876.75,15629.999999999935,-19439.999999999964,-3810.000000000031,-7686.750000000031,12850402.746000001,-0.0005978143177795782,13634227.407000002,-783824.6610000003,-5.7489481259317525
2026-03-05,0,0.0,0.0,0.0,0.0,0.0,0.0,12850402.746000001,0.0,13634227.407000002,-783824.6610000003,-5.7489481259317525
2026-03-06,0,0.0,0.0,0.0,0.0,0.0,0.0,12850402.746000001,0.0,13634227.407000002,-783824.6610000003,-5.7489481259317525
2026-03-09,0,0.0,0.0,0.0,0.0,0.0,0.0,12850402.746000001,0.0,13634227.407000002,-783824.6610000003,-5.7489481259317525
2026-03-10,7,8422150.0,8422.150000000001,157386.99999999962,0.0,157386.99999999962,148964.84999999966,12999367.596,0.011592232005830988,13634227.407000002,-634859.8110000007,-4.656368065813943
2026-03-11,2,2604964.0,2604.964,-80744.00000000015,15967.000000000131,-64776.999999999985,-67381.96400000002,12931985.632,-0.005183480157968259,13634227.407000002,-702241.7750000022,-5.150579890133422
2026-03-12,3,4036835.0,6768.310000000001,78069.00000000009,34563.99999999985,112632.99999999994,105864.68999999994,13037850.322,0.008186267214683629,13634227.407000002,-596377.0850000009,-4.374117191956273
2026-03-13,2,2395692.0,4791.384,82560.0,-224203.0,-141642.99999999997,-146434.384,12891415.938000001,-0.011231482213974108,13634227.407000002,-742811.4690000005,-5.448137593910385
2026-03-16,2,2154112.0,4308.224,59743.99999999981,-104461.99999999983,-44718.0,-49026.224,12842389.714,-0.0038030131240655127,13634227.407000002,-791837.6930000018,-5.807719567545588
2026-03-17,1,1214400.0,2428.8,55752.00000000002,-363133.0000000001,-307381.0000000001,-309809.8000000001,12532579.914,-0.02412399926333515,13634227.407000002,-1101647.4930000007,-8.080014071309972
2026-03-18,3,3629351.0,7258.701999999999,2569.0000000000728,78486.00000000009,81055.00000000016,73796.29800000016,12606376.212,0.0058883564682130265,13634227.407000002,-1027851.1950000022,-7.538756427608718
2026-03-19,0,0.0,0.0,0.0,0.0,0.0,0.0,12606376.212,0.0,13634227.407000002,-1027851.1950000022,-7.538756427608718
2026-03-20,0,0.0,0.0,0.0,0.0,0.0,0.0,12606376.212,0.0,13634227.407000002,-1027851.1950000022,-7.538756427608718
2026-03-23,0,0.0,0.0,0.0,0.0,0.0,0.0,12606376.212,0.0,13634227.407000002,-1027851.1950000022,-7.538756427608718
2026-03-24,6,7106082.0,7106.082000000001,184972.00000000015,0.0,184972.00000000015,177865.91800000012,12784242.129999999,0.014109202756513737,13634227.407000002,-849985.2770000026,-6.2342019949264476
2026-03-25,0,0.0,0.0,0.0,16673.99999999976,16673.99999999976,16673.99999999976,12800916.129999999,0.0013042619054337327,13634227.407000002,-833311.2770000026,-6.1119068365558356
2026-03-26,5,6436321.0,7715.486000000001,6322.999999999902,-196250.99999999994,-189928.00000000003,-197643.48600000006,12603272.644,-0.01543979227680477,13634227.407000002,-1030954.7630000021,-7.561519492264712
2026-03-27,0,0.0,0.0,0.0,67879.99999999991,67879.99999999991,67879.99999999991,12671152.644,0.005385902687133839,13634227.407000002,-963074.7630000021,-7.063654831703525
2026-03-30,0,0.0,0.0,0.0,-25155.999999999814,-25155.999999999814,-25155.999999999814,12645996.644,-0.0019852968949838814,13634227.407000002,-988230.7630000021,-7.248161069197301
2026-03-31,0,0.0,0.0,0.0,-211229.00000000015,-211229.00000000015,-211229.00000000015,12434767.644,-0.016703230749331204,13634227.407000002,-1199459.7630000021,-8.797416437283289
2026-04-01,1,1254870.0,2509.7400000000002,13139.999999999876,427636.9999999999,440776.99999999977,438267.2599999998,12873034.904,0.03524531157696957,13634227.407000002,-761192.5030000024,-5.582952962990739
2026-04-02,0,0.0,0.0,0.0,-305888.9999999996,-305888.9999999996,-305888.9999999996,12567145.904,-0.02376199569729684,13634227.407000002,-1067081.5030000024,-7.826490428435628
2026-04-03,2,2474105.0,4948.21,52367.00000000009,-90884.0000000001,-38517.00000000002,-43465.21000000002,12523680.694,-0.0034586381292958874,13634227.407000002,-1110546.7130000014,-8.145285243150857
2026-04-07,1,1208693.0,2417.386,-3679.0000000000723,-9532.99999999958,-13211.999999999656,-15629.385999999655,12508051.308,-0.0012479866248496627,13634227.407000002,-1126176.0990000013,-8.259918698596792
2026-04-08,3,3582833.0,7165.666000000001,-160286.00000000006,552857.9999999998,392571.9999999997,385406.3339999997,12893457.642,0.030812660142631447,13634227.407000002,-740769.7650000006,-5.4331627519992765
2026-04-09,0,0.0,0.0,0.0,-52071.99999999987,-52071.99999999987,-52071.99999999987,12841385.642,-0.004038637380742402,13634227.407000002,-792841.7650000006,-5.815083915887631
2026-04-10,2,2759729.0,5519.4580000000005,45825.00000000009,-16540.000000000113,29284.999999999975,23765.541999999976,12865151.184,0.0018506991895228242,13634227.407000002,-769076.2230000012,-5.6407759680254905
2026-04-13,0,0.0,0.0,0.0,0.0,0.0,0.0,12865151.184,0.0,13634227.407000002,-769076.2230000012,-5.6407759680254905
2026-04-14,9,10950391.0,10950.391000000001,-8203.999999999825,0.0,-8203.999999999825,-19154.39099999982,12845996.793,-0.001488858601508119,13634227.407000002,-788230.6140000019,-5.781263510357126
2026-04-15,1,1364000.0,1364.0,-20240.000000000036,-313149.9999999995,-333389.99999999953,-334753.99999999953,12511242.793000001,-0.026059013200315544,13634227.407000002,-1122984.614,-8.23651080825778
2026-04-16,4,4278803.0,8557.606,-183659.99999999994,349031.99999999953,165371.99999999968,156814.39399999968,12668057.187,0.012533878256102304,13634227.407000002,-966170.2200000007,-7.086358406373328
2026-04-17,0,0.0,0.0,0.0,144614.00000000012,144614.00000000012,144614.00000000012,12812671.187,0.011415641551445106,13634227.407000002,-821556.2200000007,-6.025689578701043
2026-04-20,0,0.0,0.0,0.0,28064.999999999796,28064.999999999796,28064.999999999796,12840736.187,0.002190409758464365,13634227.407000002,-793491.2200000007,-5.819847332109274
2026-04-21,2,2866756.0,5733.512000000001,-114124.00000000003,110918.00000000025,-3205.9999999997935,-8939.511999999793,12831796.675,-0.0006961837600129573,13634227.407000002,-802430.7320000008,-5.885414024912194
2026-04-22,0,0.0,0.0,0.0,-74546.00000000001,-74546.00000000001,-74546.00000000001,12757250.675,-0.005809474845033733,13634227.407000002,-876976.7320000008,-6.43217034468524
2026-04-23,0,0.0,0.0,0.0,-22547.000000000204,-22547.000000000204,-22547.000000000204,12734703.675,-0.0017673870784858587,13634227.407000002,-899523.7320000008,-6.597540917780009
2026-04-24,2,2317192.0,4634.384,11015.000000000111,23381.00000000006,34396.000000000175,29761.616000000173,12764465.291000001,0.002337048176348743,13634227.407000002,-869762.1160000004,-6.379254871115414
2026-04-27,0,0.0,0.0,0.0,35183.99999999997,35183.99999999997,35183.99999999997,12799649.291000001,0.0027564021835530875,13634227.407000002,-834578.1160000004,-6.121198444816289
2026-04-28,12,13468380.0,16282.92,49475.000000000015,-62487.99999999984,-13012.999999999829,-29295.919999999845,12770353.371000001,-0.0022888064613300913,13634227.407000002,-863874.0360000003,-6.336068852397714
2026-04-29,0,0.0,0.0,0.0,-28815.00000000008,-28815.00000000008,-28815.00000000008,12741538.371000001,-0.002256398015221375,13634227.407000002,-892689.0360000003,-6.547411960737004
2026-04-30,1,1012197.9999999999,2024.3959999999997,10702.999999999945,-68717.00000000012,-58014.00000000018,-60038.39600000016,12681499.975000001,-0.004712020970454268,13634227.407000002,-952727.432,-6.9877625153212275
