datetime,vt_symbol,direction,price,volume,reason,entry_price,pnl_pct,hold_days
2024-05-07 00:00:00,000625.SZSE,Long,14.07,1400.0,signal_buy,14.07,0.0,0
2024-05-07 00:00:00,002129.SZSE,Long,10.26,1700.0,signal_buy,10.26,0.0,0
2024-05-07 00:00:00,002459.SZSE,Long,13.77,1400.0,signal_buy,13.77,0.0,0
2024-05-07 00:00:00,600732.SSE,Long,11.98,1700.0,signal_buy,11.98,0.0,0
2024-05-07 00:00:00,688036.SSE,Long,94.72,200.0,signal_buy,94.72,0.0,0
2024-05-13 00:00:00,002129.SZSE,Short,10.41,1700.0,"trailing_tp(peak_dd=-2.7%,trail=2.0%)",10.26,1.46,4
2024-05-13 00:00:00,600732.SSE,Short,12.22,1700.0,"trailing_tp(peak_dd=-2.6%,trail=2.0%)",11.98,2.0,4
2024-05-14 00:00:00,000625.SZSE,Short,13.76,1400.0,max_hold(5d),14.07,-2.2,5
2024-05-14 00:00:00,002459.SZSE,Short,14.04,1400.0,"trailing_tp(peak_dd=-2.4%,trail=2.0%)",13.77,1.96,5
2024-05-14 00:00:00,002821.SZSE,Long,78.87,300.0,signal_buy,78.87,0.0,0
2024-05-14 00:00:00,605117.SSE,Long,45.99,400.0,signal_buy,45.99,0.0,0
2024-05-14 00:00:00,688036.SSE,Short,99.14,200.0,max_hold(5d),94.72,4.67,5
2024-05-20 00:00:00,605117.SSE,Short,43.09,400.0,stop_loss(-6.3%),45.99,-6.31,4
2024-05-21 00:00:00,002459.SZSE,Long,13.44,1300.0,signal_buy,13.44,0.0,0
2024-05-21 00:00:00,300347.SZSE,Long,57.27,300.0,signal_buy,57.27,0.0,0
2024-05-21 00:00:00,601872.SSE,Long,8.73,2000.0,signal_buy,8.73,0.0,0
2024-05-21 00:00:00,688599.SSE,Long,19.2,1000.0,signal_buy,19.2,0.0,0
2024-05-22 00:00:00,002821.SZSE,Short,78.71,300.0,max_hold(6d),78.87,-0.2,6
2024-05-24 00:00:00,300347.SZSE,Short,54.05,300.0,stop_loss(-5.4%),57.27,-5.62,3
2024-05-24 00:00:00,688599.SSE,Short,21.14,1000.0,"trailing_tp(peak_dd=-4.1%,trail=2.0%)",19.2,10.1,3
2024-05-28 00:00:00,002459.SZSE,Short,14.26,1300.0,"trailing_tp(peak_dd=-3.4%,trail=2.0%)",13.44,6.1,5
2024-05-28 00:00:00,300308.SZSE,Long,119.07,200.0,signal_buy,119.07,0.0,0
2024-05-28 00:00:00,600732.SSE,Long,11.6,1800.0,signal_buy,11.6,0.0,0
2024-05-28 00:00:00,601138.SSE,Long,23.39,900.0,signal_buy,23.39,0.0,0
2024-05-28 00:00:00,601872.SSE,Short,8.59,2000.0,max_hold(5d),8.73,-1.6,5
2024-05-31 00:00:00,600732.SSE,Short,11.94,1800.0,"trailing_tp(peak_dd=-2.4%,trail=2.0%)",11.6,2.93,3
2024-06-03 00:00:00,300308.SZSE,Short,114.79,200.0,stop_loss(-5.8%),119.07,-3.59,4
2024-06-03 00:00:00,601138.SSE,Short,21.74,900.0,stop_loss(-7.1%),23.39,-7.05,4
2024-06-04 00:00:00,002466.SZSE,Long,34.6,600.0,signal_buy,34.6,0.0,0
2024-06-04 00:00:00,300782.SZSE,Long,87.73,200.0,signal_buy,87.73,0.0,0
2024-06-04 00:00:00,600732.SSE,Long,11.47,1800.0,signal_buy,11.47,0.0,0
2024-06-04 00:00:00,688036.SSE,Long,86.62,200.0,signal_buy,86.62,0.0,0
2024-06-04 00:00:00,688561.SSE,Long,25.0,800.0,signal_buy,25.0,0.0,0
2024-06-07 00:00:00,600732.SSE,Short,10.72,1800.0,stop_loss(-7.1%),11.47,-6.54,3
2024-06-11 00:00:00,688036.SSE,Short,82.29,200.0,stop_loss(-5.2%),86.62,-5.0,4
2024-06-12 00:00:00,002466.SZSE,Short,33.47,600.0,max_hold(5d),34.6,-3.27,5
2024-06-12 00:00:00,300782.SZSE,Short,89.6,200.0,max_hold(5d),87.73,2.13,5
2024-06-12 00:00:00,688561.SSE,Short,25.14,800.0,max_hold(5d),25.0,0.56,5
2024-06-18 00:00:00,000069.SZSE,Long,2.14,8900.0,signal_buy,2.14,0.0,0
2024-06-18 00:00:00,000877.SZSE,Long,5.09,3300.0,signal_buy,5.09,0.0,0
2024-06-18 00:00:00,002841.SZSE,Long,28.97,600.0,signal_buy,28.97,0.0,0
2024-06-18 00:00:00,300142.SZSE,Long,12.16,1700.0,signal_buy,12.16,0.0,0
2024-06-18 00:00:00,601865.SSE,Long,22.12,800.0,signal_buy,22.12,0.0,0
2024-06-21 00:00:00,300142.SZSE,Short,11.36,1700.0,stop_loss(-6.6%),12.16,-6.58,3
2024-06-25 00:00:00,000069.SZSE,Short,2.05,8900.0,max_hold(5d),2.14,-4.21,5
2024-06-25 00:00:00,000877.SZSE,Short,5.5,3300.0,max_hold(5d),5.09,8.06,5
2024-06-25 00:00:00,002841.SZSE,Short,26.79,600.0,stop_loss(-7.5%),28.97,-7.53,5
2024-06-25 00:00:00,300763.SZSE,Long,44.75,500.0,signal_buy,44.75,0.0,0
2024-06-25 00:00:00,601865.SSE,Short,21.12,800.0,stop_loss(-5.5%),22.12,-4.52,5
2024-07-01 00:00:00,300763.SZSE,Short,47.26,500.0,stop_loss(-7.3%),44.75,5.61,4
2024-07-02 00:00:00,300033.SZSE,Long,70.93,300.0,signal_buy,70.93,0.0,0
2024-07-02 00:00:00,688111.SSE,Long,204.72,100.0,signal_buy,204.72,0.0,0
2024-07-02 00:00:00,688561.SSE,Long,22.94,1000.0,signal_buy,22.94,0.0,0
2024-07-03 00:00:00,002920.SZSE,Long,83.88,300.0,signal_buy,83.88,0.0,0
2024-07-05 00:00:00,300033.SZSE,Short,64.72,300.0,stop_loss(-8.6%),70.93,-8.76,3
2024-07-05 00:00:00,688111.SSE,Short,190.4,100.0,stop_loss(-6.8%),204.72,-6.99,3
2024-07-09 00:00:00,002459.SZSE,Long,9.9,1700.0,signal_buy,9.9,0.0,0
2024-07-09 00:00:00,002466.SZSE,Long,27.63,500.0,signal_buy,27.63,0.0,0
2024-07-09 00:00:00,002920.SZSE,Short,82.68,300.0,rebalance_out,83.88,-1.43,4
2024-07-09 00:00:00,300896.SZSE,Long,151.03,100.0,signal_buy,151.03,0.0,0
2024-07-09 00:00:00,600438.SSE,Long,16.74,1000.0,signal_buy,16.74,0.0,0
2024-07-09 00:00:00,688561.SSE,Short,21.82,1000.0,max_hold(5d),22.94,-4.88,5
2024-07-16 00:00:00,002459.SZSE,Short,10.23,1700.0,"trailing_tp(peak_dd=-2.4%,trail=2.0%)",9.9,3.33,5
2024-07-16 00:00:00,002466.SZSE,Short,28.68,500.0,"trailing_tp(peak_dd=-2.9%,trail=2.0%)",27.63,3.8,5
2024-07-16 00:00:00,300896.SZSE,Short,161.62,100.0,max_hold(5d),151.03,7.01,5
2024-07-16 00:00:00,600438.SSE,Short,17.47,1000.0,max_hold(5d),16.74,4.36,5
2024-07-16 00:00:00,688036.SSE,Long,71.68,400.0,signal_buy,71.68,0.0,0
2024-07-23 00:00:00,000338.SZSE,Long,12.55,1200.0,signal_buy,12.55,0.0,0
2024-07-23 00:00:00,603806.SSE,Long,13.96,1100.0,signal_buy,13.96,0.0,0
2024-07-23 00:00:00,603993.SSE,Long,7.9,2000.0,signal_buy,7.9,0.0,0
2024-07-23 00:00:00,605117.SSE,Long,64.77,200.0,signal_buy,64.77,0.0,0
2024-07-24 00:00:00,603993.SSE,Short,7.32,2000.0,stop_loss(-7.3%),7.9,-7.34,1
2024-07-24 00:00:00,688036.SSE,Short,73.36,400.0,"trailing_tp(peak_dd=-6.9%,trail=2.0%)",71.68,2.34,6
2024-07-25 00:00:00,603806.SSE,Short,13.16,1100.0,stop_loss(-5.7%),13.96,-5.73,2
2024-07-30 00:00:00,000338.SZSE,Short,12.85,1200.0,max_hold(5d),12.55,2.39,5
2024-07-30 00:00:00,300122.SZSE,Long,24.58,900.0,signal_buy,24.58,0.0,0
2024-07-30 00:00:00,300124.SZSE,Long,43.66,400.0,signal_buy,43.66,0.0,0
2024-07-30 00:00:00,603369.SSE,Long,41.53,500.0,signal_buy,41.53,0.0,0
2024-07-30 00:00:00,605117.SSE,Short,64.84,200.0,max_hold(5d),64.77,0.11,5
2024-08-02 00:00:00,300122.SZSE,Short,26.6,900.0,"trailing_tp(peak_dd=-2.4%,trail=2.0%)",24.58,8.22,3
2024-08-02 00:00:00,300124.SZSE,Short,45.22,400.0,"trailing_tp(peak_dd=-2.3%,trail=2.0%)",43.66,3.57,3
2024-08-06 00:00:00,601600.SSE,Long,6.1,2700.0,signal_buy,6.1,0.0,0
2024-08-06 00:00:00,603369.SSE,Short,42.02,500.0,max_hold(5d),41.53,1.18,5
2024-08-07 00:00:00,300442.SZSE,Long,20.76,800.0,signal_buy,20.76,0.0,0
2024-08-07 00:00:00,601138.SSE,Long,19.55,900.0,signal_buy,19.55,0.0,0
2024-08-07 00:00:00,601865.SSE,Long,18.36,1100.0,signal_buy,18.36,0.0,0
2024-08-13 00:00:00,300223.SZSE,Long,48.34,300.0,signal_buy,48.34,0.0,0
2024-08-13 00:00:00,300418.SZSE,Long,26.58,800.0,signal_buy,26.58,0.0,0
2024-08-13 00:00:00,300442.SZSE,Short,20.56,800.0,rebalance_out,20.76,-0.96,4
2024-08-13 00:00:00,300751.SZSE,Long,101.4,100.0,signal_buy,101.4,0.0,0
2024-08-13 00:00:00,601138.SSE,Short,19.79,900.0,rebalance_out,19.55,1.23,4
2024-08-13 00:00:00,601600.SSE,Short,6.31,2700.0,max_hold(5d),6.1,3.44,5
2024-08-14 00:00:00,601865.SSE,Short,18.08,1100.0,max_hold(5d),18.36,-1.53,5
2024-08-19 00:00:00,300418.SZSE,Short,27.72,800.0,"trailing_tp(peak_dd=-2.1%,trail=2.0%)",26.58,4.29,4
2024-08-20 00:00:00,002812.SZSE,Long,26.76,800.0,signal_buy,26.76,0.0,0
2024-08-20 00:00:00,300223.SZSE,Short,48.11,300.0,max_hold(5d),48.34,-0.48,5
2024-08-20 00:00:00,300751.SZSE,Short,85.83,100.0,stop_loss(-15.4%),101.4,-15.36,5
2024-08-20 00:00:00,603659.SSE,Long,11.12,2000.0,signal_buy,11.12,0.0,0
2024-08-20 00:00:00,603833.SSE,Long,45.98,500.0,signal_buy,45.98,0.0,0
2024-08-23 00:00:00,603833.SSE,Short,43.52,500.0,stop_loss(-5.2%),45.98,-5.35,3
2024-08-26 00:00:00,002812.SZSE,Short,25.49,800.0,stop_loss(-5.1%),26.76,-4.75,4
2024-08-27 00:00:00,002459.SZSE,Long,9.19,1600.0,signal_buy,9.19,0.0,0
2024-08-27 00:00:00,300316.SZSE,Long,22.97,800.0,signal_buy,22.97,0.0,0
2024-08-27 00:00:00,600600.SSE,Long,55.54,300.0,signal_buy,55.54,0.0,0
2024-08-27 00:00:00,603659.SSE,Short,10.95,2000.0,max_hold(5d),11.12,-1.53,5
2024-08-27 00:00:00,688363.SSE,Long,48.67,300.0,signal_buy,48.67,0.0,0
2024-09-03 00:00:00,002459.SZSE,Short,9.74,1600.0,max_hold(5d),9.19,5.98,5
2024-09-03 00:00:00,300316.SZSE,Short,22.15,800.0,max_hold(5d),22.97,-3.57,5
2024-09-03 00:00:00,300450.SZSE,Long,13.68,1800.0,signal_buy,13.68,0.0,0
2024-09-03 00:00:00,600600.SSE,Short,55.33,300.0,max_hold(5d),55.54,-0.38,5
2024-09-03 00:00:00,688363.SSE,Short,48.52,300.0,max_hold(5d),48.67,-0.31,5
2024-09-09 00:00:00,300450.SZSE,Short,14.01,1800.0,"trailing_tp(peak_dd=-2.0%,trail=2.0%)",13.68,2.41,4
2024-09-10 00:00:00,000596.SZSE,Long,149.7,100.0,signal_buy,149.7,0.0,0
2024-09-10 00:00:00,600039.SSE,Long,5.05,3300.0,signal_buy,5.05,0.0,0
2024-09-10 00:00:00,601699.SSE,Long,12.65,1400.0,signal_buy,12.65,0.0,0
2024-09-10 00:00:00,601872.SSE,Long,6.18,2800.0,signal_buy,6.18,0.0,0
2024-09-10 00:00:00,603833.SSE,Long,37.99,500.0,signal_buy,37.99,0.0,0
2024-09-18 00:00:00,000596.SZSE,Short,135.2,100.0,stop_loss(-9.7%),149.7,-9.69,4
2024-09-19 00:00:00,600039.SSE,Short,5.35,3300.0,max_hold(5d),5.05,5.94,5
2024-09-19 00:00:00,601699.SSE,Short,12.94,1400.0,max_hold(5d),12.65,2.29,5
2024-09-19 00:00:00,601872.SSE,Short,6.33,2800.0,max_hold(5d),6.18,2.43,5
2024-09-19 00:00:00,603833.SSE,Short,39.82,500.0,max_hold(5d),37.99,4.82,5
2024-09-24 00:00:00,002916.SZSE,Long,66.72,200.0,signal_buy,66.72,0.0,0
2024-09-24 00:00:00,300751.SZSE,Long,67.89,300.0,signal_buy,67.89,0.0,0
2024-09-24 00:00:00,600150.SSE,Long,33.7,500.0,signal_buy,33.7,0.0,0
2024-09-24 00:00:00,601865.SSE,Long,14.76,1200.0,signal_buy,14.76,0.0,0
2024-09-25 00:00:00,300308.SZSE,Long,121.79,200.0,signal_buy,121.79,0.0,0
2024-10-08 00:00:00,002916.SZSE,Short,92.59,200.0,max_hold(5d),66.72,38.77,5
2024-10-08 00:00:00,300308.SZSE,Short,184.87,200.0,rebalance_out,121.79,51.79,4
2024-10-08 00:00:00,300751.SZSE,Short,125.35,300.0,max_hold(5d),67.89,84.64,5
2024-10-08 00:00:00,600150.SSE,Short,45.58,500.0,max_hold(5d),33.7,35.25,5
2024-10-08 00:00:00,601169.SSE,Long,5.58,5100.0,signal_buy,5.58,0.0,0
2024-10-08 00:00:00,601865.SSE,Short,22.11,1200.0,max_hold(5d),14.76,49.8,5
2024-10-15 00:00:00,300223.SZSE,Long,67.3,400.0,signal_buy,67.3,0.0,0
2024-10-15 00:00:00,300896.SZSE,Long,206.24,100.0,signal_buy,206.24,0.0,0
2024-10-15 00:00:00,600489.SSE,Long,13.88,2000.0,signal_buy,13.88,0.0,0
2024-10-15 00:00:00,601138.SSE,Long,24.57,1000.0,signal_buy,24.57,0.0,0
2024-10-15 00:00:00,601169.SSE,Short,5.64,5100.0,max_hold(5d),5.58,1.08,5
2024-10-17 00:00:00,300896.SZSE,Short,198.16,100.0,stop_loss(-5.3%),206.24,-3.92,2
2024-10-17 00:00:00,601138.SSE,Short,23.19,1000.0,stop_loss(-6.6%),24.57,-5.62,2
2024-10-18 00:00:00,300223.SZSE,Short,63.78,400.0,stop_loss(-5.0%),67.3,-5.23,3
2024-10-22 00:00:00,002410.SZSE,Long,14.66,1800.0,signal_buy,14.66,0.0,0
2024-10-22 00:00:00,600489.SSE,Short,14.7,2000.0,max_hold(5d),13.88,5.91,5
2024-10-22 00:00:00,603833.SSE,Long,54.29,400.0,signal_buy,54.29,0.0,0
2024-10-22 00:00:00,605117.SSE,Long,56.15,500.0,signal_buy,56.15,0.0,0
2024-10-22 00:00:00,688126.SSE,Long,23.65,1000.0,signal_buy,23.65,0.0,0
2024-10-25 00:00:00,605117.SSE,Short,58.47,500.0,"trailing_tp(peak_dd=-4.8%,trail=2.0%)",56.15,4.13,3
2024-10-29 00:00:00,002410.SZSE,Short,14.94,1800.0,max_hold(5d),14.66,1.91,5
2024-10-29 00:00:00,002920.SZSE,Long,118.36,300.0,signal_buy,118.36,0.0,0
2024-10-29 00:00:00,300033.SZSE,Long,139.93,200.0,signal_buy,139.93,0.0,0
2024-10-29 00:00:00,603833.SSE,Short,67.88,400.0,max_hold(5d),54.29,25.03,5
2024-10-29 00:00:00,688126.SSE,Short,23.65,1000.0,max_hold(5d),23.65,0.0,5
2024-11-05 00:00:00,002410.SZSE,Long,13.01,2100.0,signal_buy,13.01,0.0,0
2024-11-05 00:00:00,002920.SZSE,Short,122.23,300.0,max_hold(5d),118.36,3.27,5
2024-11-05 00:00:00,300033.SZSE,Short,156.1,200.0,max_hold(5d),139.93,11.56,5
2024-11-05 00:00:00,600460.SSE,Long,28.44,900.0,signal_buy,28.44,0.0,0
2024-11-05 00:00:00,688256.SSE,Long,406.94,100.0,signal_buy,406.94,0.0,0
2024-11-11 00:00:00,688256.SSE,Short,430.14,100.0,"trailing_tp(peak_dd=-9.5%,trail=2.0%)",406.94,5.7,4
2024-11-12 00:00:00,002410.SZSE,Short,14.69,2100.0,max_hold(5d),13.01,12.91,5
2024-11-12 00:00:00,002938.SZSE,Long,33.84,900.0,signal_buy,33.84,0.0,0
2024-11-12 00:00:00,300033.SZSE,Long,208.55,200.0,signal_buy,208.55,0.0,0
2024-11-12 00:00:00,600460.SSE,Short,32.05,900.0,max_hold(5d),28.44,12.69,5
2024-11-12 00:00:00,688256.SSE,Long,425.0,100.0,signal_buy,425.0,0.0,0
2024-11-18 00:00:00,300033.SZSE,Short,189.06,200.0,stop_loss(-9.2%),208.55,-9.35,4
2024-11-18 00:00:00,688256.SSE,Short,452.77,100.0,"trailing_tp(peak_dd=-4.3%,trail=2.0%)",425.0,6.53,4
2024-11-19 00:00:00,002938.SZSE,Short,31.89,900.0,stop_loss(-6.3%),33.84,-5.76,5
2024-11-19 00:00:00,300308.SZSE,Long,131.61,300.0,signal_buy,131.61,0.0,0
2024-11-19 00:00:00,301269.SZSE,Long,116.09,300.0,signal_buy,116.09,0.0,0
2024-11-19 00:00:00,600732.SSE,Long,14.56,1900.0,signal_buy,14.56,0.0,0
2024-11-19 00:00:00,688256.SSE,Long,449.56,100.0,signal_buy,449.56,0.0,0
2024-11-21 00:00:00,600732.SSE,Short,14.99,1900.0,"trailing_tp(peak_dd=-5.1%,trail=2.0%)",14.56,2.95,2
2024-11-22 00:00:00,300308.SZSE,Short,133.13,300.0,"trailing_tp(peak_dd=-3.1%,trail=2.0%)",131.61,1.15,3
2024-11-25 00:00:00,301269.SZSE,Short,120.55,300.0,"trailing_tp(peak_dd=-8.2%,trail=2.0%)",116.09,3.84,4
2024-11-25 00:00:00,688256.SSE,Short,499.87,100.0,"trailing_tp(peak_dd=-4.3%,trail=2.0%)",449.56,11.19,4
2024-11-26 00:00:00,002920.SZSE,Long,124.06,300.0,signal_buy,124.06,0.0,0
2024-11-26 00:00:00,300308.SZSE,Long,123.38,300.0,signal_buy,123.38,0.0,0
2024-11-26 00:00:00,300751.SZSE,Long,121.54,300.0,signal_buy,121.54,0.0,0
2024-11-26 00:00:00,688271.SSE,Long,130.38,200.0,signal_buy,130.38,0.0,0
2024-12-03 00:00:00,002920.SZSE,Short,120.34,300.0,max_hold(5d),124.06,-3.0,5
2024-12-03 00:00:00,300308.SZSE,Short,131.34,300.0,max_hold(5d),123.38,6.45,5
2024-12-03 00:00:00,300751.SZSE,Short,121.65,300.0,max_hold(5d),121.54,0.09,5
2024-12-03 00:00:00,603659.SSE,Long,19.23,1300.0,signal_buy,19.23,0.0,0
2024-12-03 00:00:00,688271.SSE,Short,139.52,200.0,max_hold(5d),130.38,7.01,5
2024-12-10 00:00:00,300308.SZSE,Long,124.72,300.0,signal_buy,124.72,0.0,0
2024-12-10 00:00:00,600732.SSE,Long,13.58,2500.0,signal_buy,13.58,0.0,0
2024-12-10 00:00:00,603659.SSE,Short,18.9,1300.0,max_hold(5d),19.23,-1.72,5
2024-12-10 00:00:00,688256.SSE,Long,540.08,100.0,signal_buy,540.08,0.0,0
2024-12-11 00:00:00,603833.SSE,Long,69.98,500.0,signal_buy,69.98,0.0,0
2024-12-16 00:00:00,600732.SSE,Short,12.88,2500.0,stop_loss(-5.3%),13.58,-5.15,4
2024-12-16 00:00:00,603833.SSE,Short,70.26,500.0,"trailing_tp(peak_dd=-4.2%,trail=2.0%)",69.98,0.4,3
2024-12-17 00:00:00,300308.SZSE,Short,122.38,300.0,max_hold(5d),124.72,-1.88,5
2024-12-17 00:00:00,600415.SSE,Long,14.08,1600.0,signal_buy,14.08,0.0,0
2024-12-17 00:00:00,688008.SSE,Long,68.65,300.0,signal_buy,68.65,0.0,0
2024-12-17 00:00:00,688111.SSE,Long,308.39,100.0,signal_buy,308.39,0.0,0
2024-12-17 00:00:00,688256.SSE,Short,574.1,100.0,max_hold(5d),540.08,6.3,5
2024-12-24 00:00:00,600104.SSE,Long,18.04,2400.0,signal_buy,18.04,0.0,0
2024-12-24 00:00:00,600415.SSE,Short,13.76,1600.0,max_hold(5d),14.08,-2.27,5
2024-12-24 00:00:00,688008.SSE,Short,70.56,300.0,"trailing_tp(peak_dd=-2.2%,trail=2.0%)",68.65,2.78,5
2024-12-24 00:00:00,688111.SSE,Short,291.52,100.0,stop_loss(-5.5%),308.39,-5.47,5
2024-12-24 00:00:00,688256.SSE,Long,650.05,100.0,signal_buy,650.05,0.0,0
2024-12-31 00:00:00,300308.SZSE,Long,130.3,100.0,signal_buy,130.3,0.0,0
2024-12-31 00:00:00,600104.SSE,Short,20.9,2400.0,max_hold(5d),18.04,15.85,5
2024-12-31 00:00:00,688223.SSE,Long,7.31,2100.0,signal_buy,7.31,0.0,0
2024-12-31 00:00:00,688256.SSE,Short,684.0,100.0,max_hold(5d),650.05,5.22,5
2024-12-31 00:00:00,688303.SSE,Long,24.95,800.0,signal_buy,24.95,0.0,0
2025-01-02 00:00:00,300308.SZSE,Short,122.64,100.0,stop_loss(-5.7%),130.3,-5.88,1
2025-01-06 00:00:00,688223.SSE,Short,6.94,2100.0,stop_loss(-5.2%),7.31,-5.06,3
2025-01-06 00:00:00,688303.SSE,Short,23.43,800.0,stop_loss(-6.0%),24.95,-6.09,3
2025-01-07 00:00:00,000733.SZSE,Long,38.59,800.0,signal_buy,38.59,0.0,0
2025-01-07 00:00:00,300418.SZSE,Long,35.61,900.0,signal_buy,35.61,0.0,0
2025-01-07 00:00:00,600570.SSE,Long,25.12,1300.0,signal_buy,25.12,0.0,0
2025-01-07 00:00:00,600732.SSE,Long,10.13,3300.0,signal_buy,10.13,0.0,0
2025-01-07 00:00:00,601360.SSE,Long,9.25,3400.0,signal_buy,9.25,0.0,0
2025-01-13 00:00:00,601360.SSE,Short,9.47,3400.0,"trailing_tp(peak_dd=-2.7%,trail=2.0%)",9.25,2.38,4
2025-01-14 00:00:00,000733.SZSE,Short,38.05,800.0,max_hold(5d),38.59,-1.4,5
2025-01-14 00:00:00,300418.SZSE,Short,35.42,900.0,max_hold(5d),35.61,-0.53,5
2025-01-14 00:00:00,600570.SSE,Short,25.41,1300.0,max_hold(5d),25.12,1.15,5
2025-01-14 00:00:00,600732.SSE,Short,9.82,3300.0,max_hold(5d),10.13,-3.06,5
2025-01-14 00:00:00,603019.SSE,Long,60.7,700.0,signal_buy,60.7,0.0,0
2025-01-21 00:00:00,603019.SSE,Short,64.66,700.0,max_hold(5d),60.7,6.52,5
2025-01-21 00:00:00,688223.SSE,Long,6.42,4400.0,signal_buy,6.42,0.0,0
2025-01-21 00:00:00,688303.SSE,Long,22.31,1600.0,signal_buy,22.31,0.0,0
2025-01-21 00:00:00,688599.SSE,Long,18.0,1600.0,signal_buy,18.0,0.0,0
2025-01-22 00:00:00,688303.SSE,Short,20.55,1600.0,stop_loss(-7.7%),22.31,-7.89,1
2025-02-05 00:00:00,002129.SZSE,Long,8.37,4400.0,signal_buy,8.37,0.0,0
2025-02-05 00:00:00,002812.SZSE,Long,28.96,1200.0,signal_buy,28.96,0.0,0
2025-02-05 00:00:00,601865.SSE,Long,19.07,1900.0,signal_buy,19.07,0.0,0
2025-02-05 00:00:00,688223.SSE,Short,6.15,4400.0,max_hold(5d),6.42,-4.21,5
2025-02-05 00:00:00,688599.SSE,Short,17.32,1600.0,max_hold(5d),18.0,-3.78,5
2025-02-11 00:00:00,000002.SZSE,Long,7.43,3900.0,signal_buy,7.43,0.0,0
2025-02-11 00:00:00,002129.SZSE,Short,9.08,4400.0,rebalance_out,8.37,8.48,4
2025-02-11 00:00:00,002812.SZSE,Short,30.99,1200.0,rebalance_out,28.96,7.01,4
2025-02-11 00:00:00,300308.SZSE,Long,110.15,300.0,signal_buy,110.15,0.0,0
2025-02-11 00:00:00,300394.SZSE,Long,65.11,500.0,signal_buy,65.11,0.0,0
2025-02-11 00:00:00,688506.SSE,Long,178.4,200.0,signal_buy,178.4,0.0,0
2025-02-12 00:00:00,601865.SSE,Short,20.58,1900.0,"trailing_tp(peak_dd=-4.8%,trail=2.0%)",19.07,7.92,5
2025-02-14 00:00:00,688506.SSE,Short,183.97,200.0,"trailing_tp(peak_dd=-3.7%,trail=2.0%)",178.4,3.12,3
2025-02-17 00:00:00,000002.SZSE,Short,7.79,3900.0,"trailing_tp(peak_dd=-2.0%,trail=2.0%)",7.43,4.85,4
2025-02-18 00:00:00,002466.SZSE,Long,32.77,1000.0,signal_buy,32.77,0.0,0
2025-02-18 00:00:00,300308.SZSE,Short,114.61,300.0,max_hold(5d),110.15,4.05,5
2025-02-18 00:00:00,300394.SZSE,Short,69.46,500.0,max_hold(5d),65.11,6.68,5
2025-02-18 00:00:00,688256.SSE,Long,660.82,100.0,signal_buy,660.82,0.0,0
2025-02-18 00:00:00,688506.SSE,Long,181.3,200.0,signal_buy,181.3,0.0,0
2025-02-20 00:00:00,688256.SSE,Short,630.0,100.0,stop_loss(-5.3%),660.82,-4.66,2
2025-02-25 00:00:00,002459.SZSE,Long,12.55,2500.0,signal_buy,12.55,0.0,0
2025-02-25 00:00:00,002466.SZSE,Short,32.46,1000.0,max_hold(5d),32.77,-0.95,5
2025-02-25 00:00:00,300502.SZSE,Long,78.4,400.0,signal_buy,78.4,0.0,0
2025-02-25 00:00:00,688506.SSE,Short,209.62,200.0,max_hold(5d),181.3,15.62,5
2025-02-25 00:00:00,688599.SSE,Long,16.77,2100.0,signal_buy,16.77,0.0,0
2025-02-28 00:00:00,002459.SZSE,Short,13.1,2500.0,"trailing_tp(peak_dd=-3.2%,trail=2.0%)",12.55,4.38,3
2025-03-03 00:00:00,300502.SZSE,Short,68.36,400.0,stop_loss(-12.9%),78.4,-12.81,4
2025-03-03 00:00:00,688599.SSE,Short,17.32,2100.0,"trailing_tp(peak_dd=-4.7%,trail=2.0%)",16.77,3.28,4
2025-03-04 00:00:00,300308.SZSE,Long,97.67,400.0,signal_buy,97.67,0.0,0
2025-03-04 00:00:00,300394.SZSE,Long,58.31,700.0,signal_buy,58.31,0.0,0
2025-03-04 00:00:00,301269.SZSE,Long,104.99,400.0,signal_buy,104.99,0.0,0
2025-03-04 00:00:00,688599.SSE,Long,17.38,2400.0,signal_buy,17.38,0.0,0
2025-03-10 00:00:00,300308.SZSE,Short,101.61,400.0,"trailing_tp(peak_dd=-2.8%,trail=2.0%)",97.67,4.03,4
2025-03-10 00:00:00,300394.SZSE,Short,62.97,700.0,"trailing_tp(peak_dd=-3.0%,trail=2.0%)",58.31,7.99,4
2025-03-10 00:00:00,301269.SZSE,Short,115.54,400.0,"trailing_tp(peak_dd=-3.0%,trail=2.0%)",104.99,10.05,4
2025-03-11 00:00:00,300308.SZSE,Long,99.38,300.0,signal_buy,99.38,0.0,0
2025-03-11 00:00:00,300442.SZSE,Long,64.07,500.0,signal_buy,64.07,0.0,0
2025-03-11 00:00:00,688303.SSE,Long,21.13,1700.0,signal_buy,21.13,0.0,0
2025-03-11 00:00:00,688506.SSE,Long,213.05,200.0,signal_buy,213.05,0.0,0
2025-03-11 00:00:00,688599.SSE,Short,17.41,2400.0,max_hold(5d),17.38,0.17,5
2025-03-14 00:00:00,300442.SZSE,Short,63.64,500.0,"trailing_tp(peak_dd=-4.7%,trail=2.0%)",64.07,-0.67,3
2025-03-18 00:00:00,300308.SZSE,Short,103.58,300.0,max_hold(5d),99.38,4.23,5
2025-03-18 00:00:00,300979.SZSE,Long,61.22,700.0,signal_buy,61.22,0.0,0
2025-03-18 00:00:00,688303.SSE,Short,21.4,1700.0,max_hold(5d),21.13,1.28,5
2025-03-18 00:00:00,688506.SSE,Short,219.51,200.0,max_hold(5d),213.05,3.03,5
2025-03-19 00:00:00,300442.SZSE,Long,65.16,600.0,signal_buy,65.16,0.0,0
2025-03-21 00:00:00,300442.SZSE,Short,61.95,600.0,stop_loss(-5.8%),65.16,-4.93,2
2025-03-25 00:00:00,002916.SZSE,Long,100.99,300.0,signal_buy,100.99,0.0,0
2025-03-25 00:00:00,300502.SZSE,Long,70.86,500.0,signal_buy,70.86,0.0,0
2025-03-25 00:00:00,300979.SZSE,Short,59.57,700.0,max_hold(5d),61.22,-2.7,5
2025-03-25 00:00:00,600183.SSE,Long,28.22,1200.0,signal_buy,28.22,0.0,0
2025-03-25 00:00:00,601689.SSE,Long,58.63,600.0,signal_buy,58.63,0.0,0
2025-03-26 00:00:00,600183.SSE,Short,26.91,1200.0,stop_loss(-5.1%),28.22,-4.64,1
2025-03-31 00:00:00,002916.SZSE,Short,95.3,300.0,stop_loss(-5.4%),100.99,-5.63,4
2025-04-01 00:00:00,002459.SZSE,Long,11.55,3300.0,signal_buy,11.55,0.0,0
2025-04-01 00:00:00,002463.SZSE,Long,32.34,1100.0,signal_buy,32.34,0.0,0
2025-04-01 00:00:00,300502.SZSE,Short,70.08,500.0,max_hold(5d),70.86,-1.1,5
2025-04-01 00:00:00,601689.SSE,Short,57.45,600.0,max_hold(5d),58.63,-2.01,5
2025-04-01 00:00:00,688599.SSE,Long,16.83,2000.0,signal_buy,16.83,0.0,0
2025-04-08 00:00:00,000807.SZSE,Long,14.52,2500.0,signal_buy,14.52,0.0,0
2025-04-08 00:00:00,002459.SZSE,Short,10.03,3300.0,stop_loss(-13.0%),11.55,-13.16,4
2025-04-08 00:00:00,603259.SSE,Long,55.88,600.0,signal_buy,55.88,0.0,0
2025-04-08 00:00:00,688599.SSE,Short,13.4,2000.0,stop_loss(-21.6%),16.83,-20.38,4
2025-04-09 00:00:00,002463.SZSE,Short,24.49,1100.0,stop_loss(-24.1%),32.34,-24.27,5
2025-04-10 00:00:00,000807.SZSE,Short,14.31,2500.0,stop_loss(-6.1%),14.52,-1.45,2
2025-04-10 00:00:00,603259.SSE,Short,52.49,600.0,stop_loss(-10.5%),55.88,-6.07,2
2025-04-15 00:00:00,002648.SZSE,Long,16.6,1800.0,signal_buy,16.6,0.0,0
2025-04-15 00:00:00,300308.SZSE,Long,80.65,400.0,signal_buy,80.65,0.0,0
2025-04-15 00:00:00,300394.SZSE,Long,47.89,600.0,signal_buy,47.89,0.0,0
2025-04-15 00:00:00,600183.SSE,Long,22.44,1300.0,signal_buy,22.44,0.0,0
2025-04-15 00:00:00,688169.SSE,Long,134.28,200.0,signal_buy,134.28,0.0,0
2025-04-17 00:00:00,002648.SZSE,Short,15.5,1800.0,stop_loss(-6.4%),16.6,-6.63,2
2025-04-17 00:00:00,600183.SSE,Short,21.22,1300.0,stop_loss(-5.3%),22.44,-5.44,2
2025-04-22 00:00:00,603296.SSE,Long,61.65,500.0,signal_buy,61.65,0.0,0
2025-04-22 00:00:00,688169.SSE,Short,131.34,200.0,max_hold(5d),134.28,-2.19,5
2025-04-23 00:00:00,300308.SZSE,Short,81.59,400.0,max_hold(6d),80.65,1.17,6
2025-04-23 00:00:00,300394.SZSE,Short,48.79,600.0,max_hold(6d),47.89,1.88,6
2025-04-29 00:00:00,300394.SZSE,Long,47.94,600.0,signal_buy,47.94,0.0,0
2025-04-29 00:00:00,300433.SZSE,Long,20.0,1300.0,signal_buy,20.0,0.0,0
2025-04-29 00:00:00,300442.SZSE,Long,45.95,800.0,signal_buy,45.95,0.0,0
2025-04-29 00:00:00,601689.SSE,Long,50.11,600.0,signal_buy,50.11,0.0,0
2025-04-29 00:00:00,603296.SSE,Short,63.96,500.0,"trailing_tp(peak_dd=-2.9%,trail=2.0%)",61.65,3.75,5
2025-05-08 00:00:00,300442.SZSE,Short,47.69,800.0,"trailing_tp(peak_dd=-4.4%,trail=2.0%)",45.95,3.79,4
2025-05-09 00:00:00,601689.SSE,Short,51.83,600.0,max_hold(5d),50.11,3.43,5
2025-05-12 00:00:00,300394.SZSE,Short,53.98,600.0,"trailing_tp(peak_dd=-3.0%,trail=2.0%)",47.94,12.6,6
2025-05-12 00:00:00,300433.SZSE,Short,21.32,1300.0,"trailing_tp(peak_dd=-2.7%,trail=2.0%)",20.0,6.6,6
2025-05-13 00:00:00,300347.SZSE,Long,44.48,700.0,signal_buy,44.48,0.0,0
2025-05-13 00:00:00,300418.SZSE,Long,32.76,1000.0,signal_buy,32.76,0.0,0
2025-05-13 00:00:00,300433.SZSE,Long,22.54,1400.0,signal_buy,22.54,0.0,0
2025-05-13 00:00:00,688111.SSE,Long,297.67,100.0,signal_buy,297.67,0.0,0
2025-05-13 00:00:00,688506.SSE,Long,263.52,100.0,signal_buy,263.52,0.0,0
2025-05-16 00:00:00,300433.SZSE,Short,21.16,1400.0,stop_loss(-5.9%),22.54,-6.12,3
2025-05-19 00:00:00,300347.SZSE,Short,41.99,700.0,stop_loss(-5.4%),44.48,-5.6,4
2025-05-20 00:00:00,002463.SZSE,Long,30.5,1100.0,signal_buy,30.5,0.0,0
2025-05-20 00:00:00,300394.SZSE,Long,51.32,700.0,signal_buy,51.32,0.0,0
2025-05-20 00:00:00,300418.SZSE,Short,31.1,1000.0,max_hold(5d),32.76,-5.07,5
2025-05-20 00:00:00,688111.SSE,Short,284.55,100.0,max_hold(5d),297.67,-4.41,5
2025-05-20 00:00:00,688506.SSE,Short,271.76,100.0,max_hold(5d),263.52,3.13,5
2025-05-23 00:00:00,300394.SZSE,Short,54.54,700.0,"trailing_tp(peak_dd=-2.2%,trail=2.0%)",51.32,6.27,3
2025-05-27 00:00:00,000977.SZSE,Long,49.81,600.0,signal_buy,49.81,0.0,0
2025-05-27 00:00:00,002916.SZSE,Long,82.46,400.0,signal_buy,82.46,0.0,0
2025-05-27 00:00:00,600183.SSE,Long,26.03,1100.0,signal_buy,26.03,0.0,0
2025-05-27 00:00:00,688506.SSE,Long,268.0,100.0,signal_buy,268.0,0.0,0
2025-05-28 00:00:00,002463.SZSE,Short,29.35,1100.0,max_hold(6d),30.5,-3.77,6
2025-06-04 00:00:00,000977.SZSE,Short,49.16,600.0,max_hold(5d),49.81,-1.3,5
2025-06-04 00:00:00,002916.SZSE,Short,86.38,400.0,max_hold(5d),82.46,4.75,5
2025-06-04 00:00:00,600183.SSE,Short,25.82,1100.0,max_hold(5d),26.03,-0.81,5
2025-06-04 00:00:00,688506.SSE,Short,291.96,100.0,"trailing_tp(peak_dd=-2.9%,trail=2.0%)",268.0,8.94,5
2025-06-10 00:00:00,002422.SZSE,Long,37.8,800.0,signal_buy,37.8,0.0,0
2025-06-10 00:00:00,300122.SZSE,Long,20.23,1500.0,signal_buy,20.23,0.0,0
2025-06-10 00:00:00,300347.SZSE,Long,51.52,600.0,signal_buy,51.52,0.0,0
2025-06-10 00:00:00,601689.SSE,Long,47.16,700.0,signal_buy,47.16,0.0,0
2025-06-10 00:00:00,688506.SSE,Long,328.0,100.0,signal_buy,328.0,0.0,0
2025-06-16 00:00:00,300122.SZSE,Short,18.92,1500.0,stop_loss(-6.3%),20.23,-6.48,4
2025-06-17 00:00:00,002422.SZSE,Short,36.18,800.0,stop_loss(-5.1%),37.8,-4.29,5
2025-06-17 00:00:00,300347.SZSE,Short,52.38,600.0,max_hold(5d),51.52,1.67,5
2025-06-17 00:00:00,300502.SZSE,Long,106.91,300.0,signal_buy,106.91,0.0,0
2025-06-17 00:00:00,688506.SSE,Short,322.5,100.0,max_hold(5d),328.0,-1.68,5
2025-06-18 00:00:00,601689.SSE,Short,45.2,700.0,max_hold(6d),47.16,-4.16,6
2025-06-23 00:00:00,300502.SZSE,Short,109.79,300.0,"trailing_tp(peak_dd=-2.6%,trail=2.0%)",106.91,2.69,4
2025-06-24 00:00:00,300394.SZSE,Long,71.24,400.0,signal_buy,71.24,0.0,0
2025-06-24 00:00:00,300502.SZSE,Long,107.49,300.0,signal_buy,107.49,0.0,0
2025-06-24 00:00:00,605499.SSE,Long,313.67,100.0,signal_buy,313.67,0.0,0
2025-06-24 00:00:00,688012.SSE,Long,178.21,200.0,signal_buy,178.21,0.0,0
2025-06-25 00:00:00,601689.SSE,Long,47.13,600.0,signal_buy,47.13,0.0,0
2025-07-01 00:00:00,300394.SZSE,Short,79.46,400.0,max_hold(5d),71.24,11.54,5
2025-07-01 00:00:00,300502.SZSE,Short,126.77,300.0,max_hold(5d),107.49,17.94,5
2025-07-01 00:00:00,605499.SSE,Short,311.45,100.0,max_hold(5d),313.67,-0.71,5
2025-07-01 00:00:00,688012.SSE,Short,181.69,200.0,max_hold(5d),178.21,1.95,5
2025-07-03 00:00:00,601689.SSE,Short,45.53,600.0,max_hold(6d),47.13,-3.39,6
2025-07-08 00:00:00,300308.SZSE,Long,134.46,200.0,signal_buy,134.46,0.0,0
2025-07-08 00:00:00,300394.SZSE,Long,72.36,400.0,signal_buy,72.36,0.0,0
2025-07-08 00:00:00,300502.SZSE,Long,126.48,300.0,signal_buy,126.48,0.0,0
2025-07-08 00:00:00,601865.SSE,Long,16.28,1700.0,signal_buy,16.28,0.0,0
2025-07-14 00:00:00,300394.SZSE,Short,84.14,400.0,"trailing_tp(peak_dd=-3.4%,trail=2.0%)",72.36,16.28,4
2025-07-14 00:00:00,300502.SZSE,Short,132.5,300.0,"trailing_tp(peak_dd=-3.2%,trail=2.0%)",126.48,4.76,4
2025-07-14 00:00:00,601865.SSE,Short,16.94,1700.0,"trailing_tp(peak_dd=-2.9%,trail=2.0%)",16.28,4.05,4
2025-07-15 00:00:00,002555.SZSE,Long,16.5,2300.0,signal_buy,16.5,0.0,0
2025-07-15 00:00:00,300308.SZSE,Short,154.96,200.0,max_hold(5d),134.46,15.25,5
2025-07-15 00:00:00,688169.SSE,Long,162.15,200.0,signal_buy,162.15,0.0,0
2025-07-16 00:00:00,002463.SZSE,Long,51.54,700.0,signal_buy,51.54,0.0,0
2025-07-17 00:00:00,002463.SZSE,Short,48.81,700.0,stop_loss(-5.1%),51.54,-5.3,1
2025-07-17 00:00:00,300502.SZSE,Long,167.01,300.0,signal_buy,167.01,0.0,0
2025-07-22 00:00:00,002555.SZSE,Short,16.49,2300.0,max_hold(5d),16.5,-0.06,5
2025-07-22 00:00:00,300394.SZSE,Long,88.27,300.0,signal_buy,88.27,0.0,0
2025-07-22 00:00:00,300502.SZSE,Short,178.27,300.0,"trailing_tp(peak_dd=-2.9%,trail=2.0%)",167.01,6.74,3
2025-07-22 00:00:00,600183.SSE,Long,37.74,700.0,signal_buy,37.74,0.0,0
2025-07-22 00:00:00,688169.SSE,Short,160.62,200.0,max_hold(5d),162.15,-0.94,5
2025-07-29 00:00:00,300394.SZSE,Short,88.56,300.0,max_hold(5d),88.27,0.33,5
2025-07-29 00:00:00,600183.SSE,Short,40.92,700.0,max_hold(5d),37.74,8.43,5
2025-07-30 00:00:00,300308.SZSE,Long,206.6,300.0,signal_buy,206.6,0.0,0
2025-07-30 00:00:00,300502.SZSE,Long,188.0,300.0,signal_buy,188.0,0.0,0
2025-08-04 00:00:00,300308.SZSE,Short,209.75,300.0,"trailing_tp(peak_dd=-3.2%,trail=2.0%)",206.6,1.52,3
2025-08-05 00:00:00,002463.SZSE,Long,54.05,1000.0,signal_buy,54.05,0.0,0
2025-08-05 00:00:00,300308.SZSE,Long,208.38,300.0,signal_buy,208.38,0.0,0
2025-08-05 00:00:00,300502.SZSE,Short,189.0,300.0,rebalance_out,188.0,0.53,4
2025-08-05 00:00:00,600111.SSE,Long,36.37,1600.0,signal_buy,36.37,0.0,0
2025-08-08 00:00:00,002463.SZSE,Short,51.12,1000.0,stop_loss(-5.2%),54.05,-5.42,3
2025-08-12 00:00:00,002938.SZSE,Long,51.5,300.0,signal_buy,51.5,0.0,0
2025-08-12 00:00:00,300308.SZSE,Short,214.53,300.0,max_hold(5d),208.38,2.95,5
2025-08-12 00:00:00,300502.SZSE,Long,193.28,100.0,signal_buy,193.28,0.0,0
2025-08-13 00:00:00,300394.SZSE,Long,106.76,200.0,signal_buy,106.76,0.0,0
2025-08-13 00:00:00,600111.SSE,Short,37.47,1600.0,"trailing_tp(peak_dd=-3.5%,trail=2.0%)",36.37,3.02,6
2025-08-15 00:00:00,002938.SZSE,Short,52.35,300.0,"trailing_tp(peak_dd=-7.8%,trail=2.0%)",51.5,1.65,3
2025-08-15 00:00:00,300394.SZSE,Short,109.66,200.0,"trailing_tp(peak_dd=-6.0%,trail=2.0%)",106.76,2.72,2
2025-08-15 00:00:00,300502.SZSE,Short,230.6,100.0,"trailing_tp(peak_dd=-2.3%,trail=2.0%)",193.28,19.31,3
2025-08-19 00:00:00,002916.SZSE,Long,146.0,300.0,signal_buy,146.0,0.0,0
2025-08-19 00:00:00,300308.SZSE,Long,259.43,200.0,signal_buy,259.43,0.0,0
2025-08-19 00:00:00,300394.SZSE,Long,111.0,400.0,signal_buy,111.0,0.0,0
2025-08-19 00:00:00,300502.SZSE,Long,244.29,200.0,signal_buy,244.29,0.0,0
2025-08-21 00:00:00,300308.SZSE,Short,272.2,200.0,"trailing_tp(peak_dd=-2.8%,trail=2.0%)",259.43,4.92,2
2025-08-22 00:00:00,300394.SZSE,Short,119.16,400.0,"trailing_tp(peak_dd=-4.5%,trail=2.0%)",111.0,7.35,3
2025-08-26 00:00:00,002916.SZSE,Short,161.0,300.0,max_hold(5d),146.0,10.27,5
2025-08-26 00:00:00,002938.SZSE,Long,52.79,500.0,signal_buy,52.79,0.0,0
2025-08-26 00:00:00,300308.SZSE,Long,312.91,100.0,signal_buy,312.91,0.0,0
2025-08-26 00:00:00,300502.SZSE,Short,298.0,200.0,max_hold(5d),244.29,21.99,5
2025-09-01 00:00:00,300394.SZSE,Long,197.44,300.0,signal_buy,197.44,0.0,0
2025-09-02 00:00:00,000963.SZSE,Long,45.16,1100.0,signal_buy,45.16,0.0,0
2025-09-02 00:00:00,002938.SZSE,Short,58.5,500.0,"trailing_tp(peak_dd=-2.2%,trail=2.0%)",52.79,10.82,5
2025-09-02 00:00:00,300308.SZSE,Short,404.39,100.0,max_hold(5d),312.91,29.24,5
2025-09-02 00:00:00,300347.SZSE,Long,65.19,800.0,signal_buy,65.19,0.0,0
2025-09-02 00:00:00,300394.SZSE,Short,221.1,300.0,rebalance_out,197.44,11.98,1
2025-09-02 00:00:00,688506.SSE,Long,347.0,100.0,signal_buy,347.0,0.0,0
2025-09-05 00:00:00,000963.SZSE,Short,42.21,1100.0,stop_loss(-6.6%),45.16,-6.53,3
2025-09-05 00:00:00,688506.SSE,Short,391.72,100.0,"trailing_tp(peak_dd=-4.3%,trail=2.0%)",347.0,12.89,3
2025-09-09 00:00:00,002938.SZSE,Long,49.82,800.0,signal_buy,49.82,0.0,0
2025-09-09 00:00:00,300347.SZSE,Short,67.06,800.0,max_hold(5d),65.19,2.87,5
2025-09-09 00:00:00,302132.SZSE,Long,81.3,500.0,signal_buy,81.3,0.0,0
2025-09-09 00:00:00,601319.SSE,Long,8.24,5200.0,signal_buy,8.24,0.0,0
2025-09-09 00:00:00,605499.SSE,Long,298.51,100.0,signal_buy,298.51,0.0,0
2025-09-16 00:00:00,002938.SZSE,Short,54.29,800.0,"trailing_tp(peak_dd=-4.3%,trail=2.0%)",49.82,8.97,5
2025-09-16 00:00:00,300347.SZSE,Long,61.89,1100.0,signal_buy,61.89,0.0,0
2025-09-16 00:00:00,302132.SZSE,Short,81.56,500.0,max_hold(5d),81.3,0.32,5
2025-09-16 00:00:00,601319.SSE,Short,8.07,5200.0,max_hold(5d),8.24,-2.06,5
2025-09-16 00:00:00,605499.SSE,Short,290.0,100.0,max_hold(5d),298.51,-2.85,5
2025-09-22 00:00:00,300347.SZSE,Short,59.3,1100.0,stop_loss(-5.1%),61.89,-4.18,4
2025-09-23 00:00:00,600183.SSE,Long,59.2,1200.0,signal_buy,59.2,0.0,0
2025-09-23 00:00:00,600233.SSE,Long,19.19,3400.0,signal_buy,19.19,0.0,0
2025-09-23 00:00:00,688041.SSE,Long,258.79,300.0,signal_buy,258.79,0.0,0
2025-09-25 00:00:00,600183.SSE,Short,55.79,1200.0,stop_loss(-5.6%),59.2,-5.76,2
2025-09-30 00:00:00,002463.SZSE,Long,74.46,300.0,signal_buy,74.46,0.0,0
2025-09-30 00:00:00,300308.SZSE,Long,416.66,100.0,signal_buy,416.66,0.0,0
2025-09-30 00:00:00,300394.SZSE,Long,176.44,100.0,signal_buy,176.44,0.0,0
2025-09-30 00:00:00,600233.SSE,Short,18.9,3400.0,max_hold(5d),19.19,-1.51,5
2025-09-30 00:00:00,688041.SSE,Short,260.41,300.0,max_hold(5d),258.79,0.63,5
2025-10-10 00:00:00,300394.SZSE,Short,163.88,100.0,stop_loss(-7.1%),176.44,-7.12,2
2025-10-14 00:00:00,002311.SZSE,Long,61.7,800.0,signal_buy,61.7,0.0,0
2025-10-14 00:00:00,002463.SZSE,Short,71.9,300.0,stop_loss(-5.3%),74.46,-3.44,4
2025-10-14 00:00:00,300308.SZSE,Short,384.54,100.0,stop_loss(-9.6%),416.66,-7.71,4
2025-10-14 00:00:00,601689.SSE,Long,69.32,800.0,signal_buy,69.32,0.0,0
2025-10-14 00:00:00,603259.SSE,Long,99.93,500.0,signal_buy,99.93,0.0,0
2025-10-15 00:00:00,601689.SSE,Short,64.94,800.0,stop_loss(-6.3%),69.32,-6.32,1
2025-10-21 00:00:00,002311.SZSE,Short,57.45,800.0,stop_loss(-7.0%),61.7,-6.89,5
2025-10-21 00:00:00,002920.SZSE,Long,123.14,300.0,signal_buy,123.14,0.0,0
2025-10-21 00:00:00,603259.SSE,Short,99.86,500.0,max_hold(5d),99.93,-0.07,5
2025-10-21 00:00:00,688036.SSE,Long,75.68,500.0,signal_buy,75.68,0.0,0
2025-10-22 00:00:00,002475.SZSE,Long,59.91,600.0,signal_buy,59.91,0.0,0
2025-10-28 00:00:00,000807.SZSE,Long,22.83,1800.0,signal_buy,22.83,0.0,0
2025-10-28 00:00:00,002475.SZSE,Short,65.07,600.0,rebalance_out,59.91,8.61,4
2025-10-28 00:00:00,300308.SZSE,Long,502.71,100.0,signal_buy,502.71,0.0,0
2025-10-28 00:00:00,300502.SZSE,Long,395.0,100.0,signal_buy,395.0,0.0,0
2025-10-28 00:00:00,688036.SSE,Short,74.98,500.0,max_hold(5d),75.68,-0.92,5
2025-10-29 00:00:00,002920.SZSE,Short,118.38,300.0,max_hold(6d),123.14,-3.87,6
2025-11-03 00:00:00,300308.SZSE,Short,471.51,100.0,stop_loss(-6.0%),502.71,-6.21,4
2025-11-03 00:00:00,300502.SZSE,Short,343.62,100.0,stop_loss(-12.8%),395.0,-13.01,4
2025-11-04 00:00:00,000807.SZSE,Short,24.24,1800.0,max_hold(5d),22.83,6.18,5
2025-11-04 00:00:00,300394.SZSE,Long,155.37,200.0,signal_buy,155.37,0.0,0
2025-11-04 00:00:00,605117.SSE,Long,79.14,500.0,signal_buy,79.14,0.0,0
2025-11-04 00:00:00,688169.SSE,Long,156.75,200.0,signal_buy,156.75,0.0,0
2025-11-11 00:00:00,300394.SZSE,Short,182.12,200.0,max_hold(5d),155.37,17.22,5
2025-11-11 00:00:00,601689.SSE,Long,63.71,600.0,signal_buy,63.71,0.0,0
2025-11-11 00:00:00,605117.SSE,Short,85.48,500.0,"trailing_tp(peak_dd=-4.3%,trail=2.0%)",79.14,8.01,5
2025-11-11 00:00:00,688036.SSE,Long,67.39,800.0,signal_buy,67.39,0.0,0
2025-11-11 00:00:00,688169.SSE,Short,157.26,200.0,max_hold(5d),156.75,0.33,5
2025-11-18 00:00:00,002600.SZSE,Long,13.44,2700.0,signal_buy,13.44,0.0,0
2025-11-18 00:00:00,300394.SZSE,Long,148.15,200.0,signal_buy,148.15,0.0,0
2025-11-18 00:00:00,601138.SSE,Long,63.3,600.0,signal_buy,63.3,0.0,0
2025-11-18 00:00:00,601689.SSE,Short,61.09,600.0,max_hold(5d),63.71,-4.11,5
2025-11-18 00:00:00,688036.SSE,Short,64.36,800.0,max_hold(5d),67.39,-4.5,5
2025-11-24 00:00:00,300394.SZSE,Short,149.0,200.0,"trailing_tp(peak_dd=-7.3%,trail=2.0%)",148.15,0.57,4
2025-11-25 00:00:00,002600.SZSE,Short,13.16,2700.0,max_hold(5d),13.44,-2.08,5
2025-11-25 00:00:00,601138.SSE,Short,56.05,600.0,stop_loss(-12.1%),63.3,-11.45,5
2025-11-25 00:00:00,688036.SSE,Long,64.46,600.0,signal_buy,64.46,0.0,0
2025-11-26 00:00:00,300394.SZSE,Long,144.87,300.0,signal_buy,144.87,0.0,0
2025-11-26 00:00:00,300502.SZSE,Long,302.0,100.0,signal_buy,302.0,0.0,0
2025-12-02 00:00:00,000002.SZSE,Long,5.21,9800.0,signal_buy,5.21,0.0,0
2025-12-02 00:00:00,001979.SZSE,Long,9.37,4300.0,signal_buy,9.37,0.0,0
2025-12-02 00:00:00,002916.SZSE,Long,197.12,200.0,signal_buy,197.12,0.0,0
2025-12-02 00:00:00,300308.SZSE,Long,538.43,100.0,signal_buy,538.43,0.0,0
2025-12-02 00:00:00,300394.SZSE,Short,158.5,300.0,rebalance_out,144.87,9.41,4
2025-12-02 00:00:00,300502.SZSE,Short,355.62,100.0,rebalance_out,302.0,17.75,4
2025-12-02 00:00:00,688036.SSE,Short,72.03,600.0,max_hold(5d),64.46,11.74,5
2025-12-09 00:00:00,000002.SZSE,Short,4.9,9800.0,stop_loss(-5.8%),5.21,-5.95,5
2025-12-09 00:00:00,001979.SZSE,Short,9.19,4300.0,max_hold(5d),9.37,-1.92,5
2025-12-09 00:00:00,002916.SZSE,Short,197.3,200.0,max_hold(5d),197.12,0.09,5
2025-12-09 00:00:00,300308.SZSE,Short,569.42,100.0,max_hold(5d),538.43,5.76,5
2025-12-09 00:00:00,601138.SSE,Long,63.2,500.0,signal_buy,63.2,0.0,0
2025-12-12 00:00:00,601138.SSE,Short,61.84,500.0,"trailing_tp(peak_dd=-8.4%,trail=2.0%)",63.2,-2.15,3
2025-12-16 00:00:00,000063.SZSE,Long,36.68,1700.0,signal_buy,36.68,0.0,0
2025-12-16 00:00:00,002916.SZSE,Long,201.8,200.0,signal_buy,201.8,0.0,0
2025-12-16 00:00:00,601138.SSE,Long,58.63,800.0,signal_buy,58.63,0.0,0
2025-12-16 00:00:00,688041.SSE,Long,201.92,200.0,signal_buy,201.92,0.0,0
2025-12-19 00:00:00,002916.SZSE,Short,219.08,200.0,"trailing_tp(peak_dd=-2.6%,trail=2.0%)",201.8,8.56,3
2025-12-19 00:00:00,601138.SSE,Short,58.87,800.0,"trailing_tp(peak_dd=-5.2%,trail=2.0%)",58.63,0.41,3
2025-12-23 00:00:00,000063.SZSE,Short,37.32,1700.0,max_hold(5d),36.68,1.74,5
2025-12-23 00:00:00,002916.SZSE,Long,226.02,200.0,signal_buy,226.02,0.0,0
2025-12-23 00:00:00,300408.SZSE,Long,44.49,900.0,signal_buy,44.49,0.0,0
2025-12-23 00:00:00,601872.SSE,Long,8.68,3900.0,signal_buy,8.68,0.0,0
2025-12-23 00:00:00,688041.SSE,Short,214.68,200.0,max_hold(5d),201.92,6.32,5
2025-12-29 00:00:00,300408.SZSE,Short,45.59,900.0,"trailing_tp(peak_dd=-2.1%,trail=2.0%)",44.49,2.47,4
2025-12-30 00:00:00,002916.SZSE,Short,234.7,200.0,max_hold(5d),226.02,3.84,5
2025-12-30 00:00:00,601138.SSE,Long,63.45,1000.0,signal_buy,63.45,0.0,0
2025-12-30 00:00:00,688126.SSE,Long,21.43,3200.0,signal_buy,21.43,0.0,0
2025-12-31 00:00:00,601872.SSE,Short,8.96,3900.0,max_hold(6d),8.68,3.23,6
2026-01-06 00:00:00,000408.SZSE,Long,88.64,400.0,signal_buy,88.64,0.0,0
2026-01-06 00:00:00,002422.SZSE,Long,30.24,1100.0,signal_buy,30.24,0.0,0
2026-01-06 00:00:00,601138.SSE,Short,63.32,1000.0,rebalance_out,63.45,-0.2,3
2026-01-06 00:00:00,688008.SSE,Long,128.01,300.0,signal_buy,128.01,0.0,0
2026-01-06 00:00:00,688506.SSE,Long,324.48,100.0,signal_buy,324.48,0.0,0
2026-01-08 00:00:00,688126.SSE,Short,24.01,3200.0,max_hold(5d),21.43,12.04,5
2026-01-09 00:00:00,688008.SSE,Short,131.82,300.0,"trailing_tp(peak_dd=-2.7%,trail=2.0%)",128.01,2.98,3
2026-01-13 00:00:00,000408.SZSE,Short,84.03,400.0,stop_loss(-5.3%),88.64,-5.2,5
2026-01-13 00:00:00,002422.SZSE,Short,33.95,1100.0,max_hold(5d),30.24,12.27,5
2026-01-13 00:00:00,300308.SZSE,Long,580.11,100.0,signal_buy,580.11,0.0,0
2026-01-13 00:00:00,300502.SZSE,Long,385.26,200.0,signal_buy,385.26,0.0,0
2026-01-13 00:00:00,688506.SSE,Short,345.39,100.0,max_hold(5d),324.48,6.44,5
2026-01-20 00:00:00,300308.SZSE,Short,604.8,100.0,"trailing_tp(peak_dd=-3.1%,trail=2.0%)",580.11,4.26,5
2026-01-20 00:00:00,600010.SSE,Long,2.33,12800.0,signal_buy,2.33,0.0,0
2026-01-20 00:00:00,600438.SSE,Long,19.26,1700.0,signal_buy,19.26,0.0,0
2026-01-20 00:00:00,601698.SSE,Long,39.79,800.0,signal_buy,39.79,0.0,0
2026-01-21 00:00:00,300502.SZSE,Short,383.01,200.0,"trailing_tp(peak_dd=-5.1%,trail=2.0%)",385.26,-0.58,6
2026-01-21 00:00:00,601698.SSE,Short,36.93,800.0,stop_loss(-7.0%),39.79,-7.19,1
2026-01-27 00:00:00,000596.SZSE,Long,123.83,500.0,signal_buy,123.83,0.0,0
2026-01-27 00:00:00,300122.SZSE,Long,19.24,2500.0,signal_buy,19.24,0.0,0
2026-01-27 00:00:00,600010.SSE,Short,2.57,12800.0,max_hold(5d),2.33,10.3,5
2026-01-27 00:00:00,600438.SSE,Short,19.56,1700.0,"trailing_tp(peak_dd=-3.4%,trail=2.0%)",19.26,1.56,5
2026-01-27 00:00:00,688506.SSE,Long,282.86,200.0,signal_buy,282.86,0.0,0
2026-01-29 00:00:00,300122.SZSE,Short,17.82,2500.0,stop_loss(-7.2%),19.24,-7.38,2
2026-02-02 00:00:00,000596.SZSE,Short,131.12,500.0,"trailing_tp(peak_dd=-4.7%,trail=2.0%)",123.83,5.89,4
2026-02-03 00:00:00,000630.SZSE,Long,7.09,5200.0,signal_buy,7.09,0.0,0
2026-02-03 00:00:00,000975.SZSE,Long,30.11,1400.0,signal_buy,30.11,0.0,0
2026-02-03 00:00:00,600362.SSE,Long,55.0,800.0,signal_buy,55.0,0.0,0
2026-02-03 00:00:00,600547.SSE,Long,45.5,900.0,signal_buy,45.5,0.0,0
2026-02-03 00:00:00,688506.SSE,Short,270.8,200.0,max_hold(5d),282.86,-4.26,5
2026-02-06 00:00:00,000630.SZSE,Short,7.18,5200.0,"trailing_tp(peak_dd=-8.3%,trail=2.0%)",7.09,1.27,3
2026-02-06 00:00:00,000975.SZSE,Short,29.88,1400.0,"trailing_tp(peak_dd=-4.4%,trail=2.0%)",30.11,-0.76,3
2026-02-06 00:00:00,600362.SSE,Short,55.75,800.0,"trailing_tp(peak_dd=-5.4%,trail=2.0%)",55.0,1.36,3
2026-02-09 00:00:00,600547.SSE,Short,45.7,900.0,"trailing_tp(peak_dd=-7.9%,trail=2.0%)",45.5,0.44,4
2026-02-10 00:00:00,000975.SZSE,Long,29.49,1400.0,signal_buy,29.49,0.0,0
2026-02-10 00:00:00,002384.SZSE,Long,75.03,600.0,signal_buy,75.03,0.0,0
2026-02-10 00:00:00,300394.SZSE,Long,291.45,100.0,signal_buy,291.45,0.0,0
2026-02-10 00:00:00,600522.SSE,Long,23.32,1800.0,signal_buy,23.32,0.0,0
2026-02-24 00:00:00,300394.SZSE,Short,328.0,100.0,"trailing_tp(peak_dd=-5.6%,trail=2.0%)",291.45,12.54,4
2026-02-24 00:00:00,600522.SSE,Short,25.35,1800.0,"trailing_tp(peak_dd=-3.1%,trail=2.0%)",23.32,8.7,4
2026-02-25 00:00:00,000975.SZSE,Short,30.28,1400.0,max_hold(5d),29.49,2.68,5
2026-02-25 00:00:00,002384.SZSE,Short,78.98,600.0,max_hold(5d),75.03,5.26,5
2026-03-03 00:00:00,000596.SZSE,Long,116.97,400.0,signal_buy,116.97,0.0,0
2026-03-03 00:00:00,002028.SZSE,Long,221.84,200.0,signal_buy,221.84,0.0,0
2026-03-03 00:00:00,300394.SZSE,Long,350.7,100.0,signal_buy,350.7,0.0,0
2026-03-03 00:00:00,600515.SSE,Long,4.12,10900.0,signal_buy,4.12,0.0,0
2026-03-03 00:00:00,688506.SSE,Long,254.0,200.0,signal_buy,254.0,0.0,0
2026-03-05 00:00:00,000596.SZSE,Short,112.4,400.0,stop_loss(-5.0%),116.97,-3.91,2
2026-03-10 00:00:00,002028.SZSE,Short,229.42,200.0,max_hold(5d),221.84,3.42,5
2026-03-10 00:00:00,300394.SZSE,Short,329.0,100.0,stop_loss(-12.5%),350.7,-6.19,5
2026-03-10 00:00:00,600115.SSE,Long,4.84,13600.0,signal_buy,4.84,0.0,0
2026-03-10 00:00:00,600515.SSE,Short,3.98,10900.0,max_hold(5d),4.12,-3.4,5
2026-03-10 00:00:00,688506.SSE,Short,258.0,200.0,max_hold(5d),254.0,1.57,5
2026-03-17 00:00:00,300502.SZSE,Long,414.06,100.0,signal_buy,414.06,0.0,0
2026-03-17 00:00:00,600115.SSE,Short,4.67,13600.0,max_hold(5d),4.84,-3.51,5
2026-03-17 00:00:00,603993.SSE,Long,19.4,2100.0,signal_buy,19.4,0.0,0
2026-03-17 00:00:00,688506.SSE,Long,265.06,200.0,signal_buy,265.06,0.0,0
2026-03-18 00:00:00,300502.SZSE,Short,399.2,100.0,stop_loss(-6.0%),414.06,-3.59,1
2026-03-20 00:00:00,603993.SSE,Short,17.81,2100.0,stop_loss(-8.0%),19.4,-8.2,3
2026-03-24 00:00:00,600183.SSE,Long,55.96,800.0,signal_buy,55.96,0.0,0
2026-03-24 00:00:00,600346.SSE,Long,20.31,2100.0,signal_buy,20.31,0.0,0
2026-03-24 00:00:00,600489.SSE,Long,23.96,1800.0,signal_buy,23.96,0.0,0
2026-03-24 00:00:00,601100.SSE,Long,92.0,500.0,signal_buy,92.0,0.0,0
2026-03-24 00:00:00,688506.SSE,Short,261.33,200.0,max_hold(5d),265.06,-1.41,5
2026-03-31 00:00:00,600183.SSE,Short,54.99,800.0,max_hold(5d),55.96,-1.73,5
2026-03-31 00:00:00,600346.SSE,Short,21.93,2100.0,max_hold(5d),20.31,7.98,5
2026-03-31 00:00:00,600438.SSE,Long,16.72,3300.0,signal_buy,16.72,0.0,0
2026-03-31 00:00:00,600489.SSE,Short,27.17,1800.0,max_hold(5d),23.96,13.4,5
2026-03-31 00:00:00,601100.SSE,Short,97.32,500.0,max_hold(5d),92.0,5.78,5
2026-04-07 00:00:00,600438.SSE,Short,15.59,3300.0,stop_loss(-6.6%),16.72,-6.76,4
2026-04-14 00:00:00,300832.SZSE,Long,45.29,1100.0,signal_buy,45.29,0.0,0
2026-04-14 00:00:00,600026.SSE,Long,22.87,2000.0,signal_buy,22.87,0.0,0
2026-04-14 00:00:00,600115.SSE,Long,4.43,10500.0,signal_buy,4.43,0.0,0
2026-04-14 00:00:00,601336.SSE,Long,61.43,700.0,signal_buy,61.43,0.0,0
2026-04-14 00:00:00,605499.SSE,Long,194.34,200.0,signal_buy,194.34,0.0,0
2026-04-21 00:00:00,300832.SZSE,Short,45.48,1100.0,max_hold(5d),45.29,0.42,5
2026-04-21 00:00:00,600026.SSE,Short,22.24,2000.0,max_hold(5d),22.87,-2.75,5
2026-04-21 00:00:00,600115.SSE,Short,4.58,10500.0,max_hold(5d),4.43,3.39,5
2026-04-21 00:00:00,601336.SSE,Short,64.35,700.0,max_hold(5d),61.43,4.75,5
2026-04-21 00:00:00,605499.SSE,Short,203.31,200.0,max_hold(5d),194.34,4.62,5
2026-04-28 00:00:00,300394.SZSE,Long,321.12,100.0,signal_buy,321.12,0.0,0
2026-04-28 00:00:00,300433.SZSE,Long,26.5,1600.0,signal_buy,26.5,0.0,0
2026-04-28 00:00:00,600346.SSE,Long,20.02,2800.0,signal_buy,20.02,0.0,0
2026-04-28 00:00:00,600875.SSE,Long,39.98,1100.0,signal_buy,39.98,0.0,0
2026-04-28 00:00:00,601336.SSE,Long,62.05,700.0,signal_buy,62.05,0.0,0
